Name,Location,Website
Ignite Visibility,"San Diego, CA",https://ignitevisibility.com/?utm_source=clutch.co&utm_medium=referral&utm_campaign=directory
SmartSites,"Paramus, NJ",https://www.smartsites.com/lp/digital-marketing-lp/?utm_source=clutch.co&utm_medium=referral
Naked Development,"Irvine, CA",https://apps.nakeddev.com/clutch
WebFX,"Harrisburg, PA",https://www.webfx.com/lp/digital-marketing-services/?utm_source=referral&utm_medium=clutch&utm_campaign=profile
NEWMEDIA.COM,"Denver, CO",https://newmedia.com/?utm_source=clutch.co&utm_medium=referral&utm_campaign=directory
Impactable,"San Antonio, TX",https://impactable.com/paid-ads/?&utm_source=clutch&utm_medium=clutch&utm_campaign=clutch_sponsored
Communications Strategy Group (CSG®),"Denver, CO",https://wearecsg.com/?utm_source=clutch.co&utm_medium=referral&utm_campaign=directory
Sagefrog Marketing Group,"Doylestown, PA",https://www.sagefrog.com/?utm_source=clutch.co&utm_medium=referral&utm_campaign=clutch-boosted-placements
Onya,"Fishers, IN",https://www.onyamark.com/contact-us-clutch/
Mad Fish Digital,"Portland, OR",https://www.madfishdigital.com/?utm_source=clutch.co&utm_medium=referral&utm_campaign=sponsored
Razor Rank,"Dallas, TX",http://www.razorrank.com/contact/?utm_source=clutch.co&utm_medium=referral&utm_campaign=directory
Session Interactive,"Denver, CO",https://sessioninteractive.com/?utm_source=clutch.co&utm_medium=referral&utm_campaign=directory
Perrill,"Minnetonka, MN",https://www.perrill.com/clutch-digital-marketing-agency/?utm_source=clutch.co&utm_medium=referral&utm_campaign=directory
Eightfold,"Prescott, AZ",https://www.eightfold.io/?utm_source=clutch.co&utm_medium=referral&utm_campaign=directory
smartboost,"Las Vegas, NV",https://smartboost.com/?utm_source=clutch.co&utm_medium=referral&utm_campaign=directory
Webaholics,"Midvale, UT",https://webaholics.co/clutch/?utm_source=clutch.co&utm_medium=referral&utm_campaign=profile
E29 Marketing,"Larkspur, CA",https://www.e29marketing.com/?utm_source=clutch.co&utm_medium=referral&utm_campaign=directory
COMM (formerly CommCreative),"Framingham, MA",https://www.commcreative.com/?utm_source=clutch.co&utm_medium=referral
Core and More Technologies,"Tinton Falls, NJ",https://www.coreandmoretechnologies.com/lead-generation/?utm_source=clutch.co&utm_medium=referral&utm_campaign=directory
Fruition,"Denver, CO",https://fruition.net/?utm_source=clutch.co&utm_medium=referral&utm_campaign=directory
Building Brands Marketing,"Victoria, TX",https://buildingbrandsmarketing.com/?utm_source=clutch.co&utm_medium=referral&utm_campaign=directory
Lost Search Media,"Mesa, AZ",https://lostsearchmedia.com/?utm_source=clutch.co&utm_medium=referral&utm_campaign=directory
Pantelope,"Miami Gardens, FL",https://www.pantelope.com/ppc-sem-agency-audit-2/
August Ash,"Bloomington, MN",https://www.augustash.com/?utm_source=clutch.co&utm_medium=referral&utm_campaign=directory
VIDEN,"Miami, FL",https://videnglobe.com/?utm_source=clutch.co&utm_medium=referral&utm_campaign=directory
Funnel Boost Media,"San Antonio, TX",https://www.funnelboostmedia.net/clutch/?utm_source=clutch.co&utm_medium=referral&utm_campaign=directory
Search Engine Projects,"Anaheim, CA",https://www.searchengineprojects.com/?utm_source=clutch&utm_campaign=main
Hunter Digital,"New York, NY",https://hunterdigitalmarketing.com/
Effective Marketing,"Chicago, IL",http://effectivemc.com/?utm_source=clutch.co&utm_medium=referral
PropeloMedia,"Walnut Creek, CA",https://propelomedia.com/?utm_source=clutch.co&utm_medium=referral&utm_campaign=directory
neuelane,"Miami, FL",https://neuelane.com/?utm_source=clutch&utm_medium=agency_list&utm_campaign=agency_directory&utm_content=organic_traffic
LAB Digital Creative,"Memphis, TN",https://labdigitalcreative.com/
Optimize Your Marketing,"Atlanta, GA",https://www.optimizeyourmarketing.io/
Bimeo Digital,"Baltimore, MD",https://bimeodigital.com/?utm_source=clutch.co&utm_medium=referral&utm_campaign=directory
RevPartners,"Atlanta, GA",https://revpartners.io/
Anntoine Marketing + Design,"Hammond, LA",https://www.anntoine.com/?utm_source=clutch.co&utm_medium=referral&utm_campaign=directory
True Impact Partners,"Deerfield, IL",https://www.trueimpactpartners.com/
Pathfinders Advertising,"Mishawaka, IN",https://www.pathfind.com/?utm_source=clutch.co&utm_medium=referral&utm_campaign=directory
Accelerated Digital Media,"Chicago, IL",https://www.accelerateddigitalmedia.com/performance-marketing-built-around-your-growth-goals/?utm_source=clutch.co&utm_medium=referral&utm_campaign=directory
Plan Left,"Nashville, TN",https://planleft.com/?utm_source=clutch.co&utm_medium=referral&utm_campaign=directory
Paradox Marketing,"Tampa, FL",https://paradoxmarketing.io/?utm_source=clutch.co&utm_medium=referral&utm_campaign=directory
SmartSites,"Paramus, NJ",https://www.smartsites.com/lp/digital-marketing-lp/?utm_source=clutch.co&utm_medium=referral
Jives Media,"San Francisco, CA",http://www.jivesmedia.com/?utm_source=clutch.co&utm_medium=referral&utm_campaign=directory
NinjaPromo.io,"New York, NY",https://ninjapromo.io/?utm_source=clutch&utm_medium=catalog&utm_campaign=free
Verbsz Marketing,"Reston, VA",https://www.verbszmarketing.com/?utm_source=clutch.co&utm_medium=referral&utm_campaign=clutch.co_profile
Power Digital,"San Diego, CA",https://powerdigitalmarketing.com/services/?utm_medium=clutch&utm_campaign=profile-power-digital-marketing
Intero Digital,"Colorado Springs, CO",https://www.interodigital.com/meet-intero-digital-landing/?utm_source=clutch.co&utm_medium=referral&utm_campaign=intero-digital-profile
Cox Media Group Local Solutions,"Dunwoody, GA",https://cmglocalsolutions.com/?utm_source=clutch.co&utm_medium=referral&utm_campaign=directory
MTA Digital,"Poznań, Poland",https://mta.digital/clutch/
Volume Nine,"Denver, CO",https://www.v9digital.com/?utm_source=clutch.co&utm_medium=referral&utm_campaign=clutch
Jives Media,"San Francisco, CA",http://www.jivesmedia.com/?utm_source=clutch.co&utm_medium=referral&utm_campaign=directory
OpenMoves,"Huntington, NY",https://openmoves.com/paid-media/?utm_source=clutch.co&utm_medium=referral&utm_campaign=directory
Disruptive Advertising,"Pleasant Grove, UT",https://disruptiveadvertising.com/?utm_source=clutch.co&utm_medium=sponsoredlisting
Caffeine Marketing,"Atlanta, GA",http://caffeinemarketing.com/?utm_source=clutch.co&utm_medium=referral&utm_campaign=directory
Search Engine People,"Toronto, Canada",https://www.searchenginepeople.com/?utm_source=clutch.co&utm_medium=referral&utm_campaign=directory
Emote Digital,"Hawthorn, Australia",http://www.emotedigital.com.au/?utm_source=clutch.co&utm_medium=referral&utm_campaign=directory
SWOT Digital Marketing Agency,"Dublin, Ireland",https://www.swotdigital.com/?utm_source=clutch.co&utm_medium=referral&utm_campaign=directory
Intero Digital,"Colorado Springs, CO",https://www.interodigital.com/meet-intero-digital-landing/?utm_source=clutch.co&utm_medium=referral&utm_campaign=intero-digital-profile
Acadia,"Atlanta, GA",https://acadia.io/?utm_source=clutch.co&utm_medium=referral&utm_campaign=directory
