Name,TaxAdvice,Email,Location,Distance,Phone,Website
Roland Franz & Partner Steuerberater,STEUERBERATUNG: SCHWERPUNKT ERBSCHAFTSSTEUER,kontakt@franz-partner.de,"Moltkeplatz 1, 45138 Essen","1,3 km",0201 8 10 95-0,http://www.franz-partner.de/
Tennagels Angelika,,info@stb-tennagels.de,"Altenessener Str. 208, 45326 Essen","3,3 km",0201 31 97 00 41,https://www.stb-tennagels.de/
Anwalts-/ Steuerbüro Küppers-Tonner G.,,steuerberatung@kueppers-tonner.de,"Gerichtsstr. 37, 45355 Essen-Borbeck-Mitte","4,6 km",0201 6 13 58-0,http://www.kueppers-tonner.de/
Kremer Helmut,,info@helmut-kremer.de,"Solinger Str. 12, 45481 Mülheim an der Ruhr-Saarn/Mintard","11,8 km",0208 4 84 96-0,http://www.helmut-kremer.de/
D.DO Dautzenberg Ochsenschläger Steuerberater Patnerschaft mbB,,mail@ddo-partner.de,"Neumühler Str. 164, 47167 Duisburg-Neumühl","15,4 km",0203 9 95 30-0,https://www.ddo-partner.de/
Bölting + Kollegen,,steuerberatung@boelting.com,"Auf der Reihe 2, 45884 Gelsenkirchen-Rotthausen","6,6 km",0209 9 41 44-0,http://www.steuerweg.com/
Dünkel & Köster Partnerschaft mbB Steuerberater,,info@steuerberatung-dk.de,"Sandstr. 9, 46117 Oberhausen-Eisenheim","11,8 km",0208 6 99 69-0,https://www.steuerberatung-dk.de/
Michael te Heesen Steuerberater,,info@te-heesen.de,"Augustin-Wibbelt-Str. 4, 46242 Bottrop-Fuhlenbrock","10,6 km",02041 5 29 59,https://www.te-heesen.de/
Kremer Helmut,,info@helmut-kremer.de,"Solinger Str. 12, 45481 Mülheim an der Ruhr-Saarn/Mintard","11,8 km",0208 4 84 96-0,http://www.helmut-kremer.de/
Henscheid Klaus Dipl.-Finanzwirt,,info@klaushenscheid.de,"Heisinger Str. 496, 45259 Essen-Heisingen",7 km,0201 8 46 03-0,http://www.klaushenscheid.de/
Dünkel & Köster Partnerschaft mbB Steuerberater,,info@steuerberatung-dk.de,"Alte Wittener Str. 59-61, 44803 Bochum-Laer","18,3 km",0234 9 35 85-0,https://www.steuerberatung-dk.de/
Thomas Hannemann Steuerberater,,#,"Hofaue 35, 42103 Wuppertal-Elberfeld","24,2 km",0202 24 56 80,https://www.steuerberater-hannemann.de/
"Steuerberater Behne, Rohr & Partner",,#,"Schloßbleiche 32, 42103 Wuppertal-Elberfeld","24,1 km",0202 24 54 40,https://www.brp-steuerberatung.de/
Marcus Schmitz Steuerberater,,info@stb-schmitz.ruhr,"Max-Keith-Str. 42, 45136 Essen-Bergerhausen","2,6 km",0201 3 79 99 17-0,
"Dr. Vier, Wolbeck, Dr. Löhr, Jacobs Steuerberatungsgesellschaft mbH",,kanzlei@steuern-drvier.de,"Juliusstr. 19, 45128 Essen-Südviertel",816 m,0201 23 35 71,http://www.steuern-drvier.de/
Christine Hartwig Steuerberaterin,,christine.hartwig@steuerberatung-hartwig.de,"Eickeler Bruch 112, 44652 Herne-Wanne-Süd","12,7 km",02325 58 55-0,https://www.steuerberatung-hartwig.de/
Götte Julia,,#,"Heiderweg 24, 40699 Erkrath","26,2 km",0211 15 77 96 80,http://www.steuerberatung-goette.de/
Dr. Ferschen GmbH,,muelheim@dr-ferschen.com,"Großenbaumer Str. 93, 45481 Mülheim","12,3 km",0208 4 84 90,http://www.dr-ferschen-gmbh.com/
Dipl.-Finanzwirtin Anja Roth Steuerberaterin,,stb-a.roth@t-online.de,"Wilmsweg 75, 45357 Essen-Gerschede","5,9 km",0201 8 65 58 58,https://www.stb-anja-roth.de/
Junga Consulting GmbH,,#,"Friedrichstr. 28, 42655 Solingen-Mitte","32,2 km",0212 24 23 00,http://www.junga-consulting.de/
Falck Mohrmann & Partner,,info@fmp-steuern.de,"Lindenallee 1, 44625 Herne","15,7 km",02325 93 67-0,http://www.fmp-steuern.de/
Dammasch Breuer Beck,WIRTSCHAFTSPRÜFUNG,#,"Paul-Thomas-Str. 58, 40599 Düsseldorf-Reisholz","33,3 km",0211 74 01-3,http://www.dbbp-steuerberater.de/
Jörg Tegeler Steuerberater,,info@stb-tegeler.de,"Springestr. 45, 45894 Gelsenkirchen-Buer","14,2 km",0209 3 86 13-0,http://www.steuerberater-tegeler.de/
Singularity GmbH,,#,"Görscheider Weg 50, 42579 Heiligenhaus-Mitte","14,3 km",02163 95 18 96 90,https://singularity.tax/
Birgit Kommessien Steuerberatungsgesellschaft mbH,,#,"Schwanenstr. 6, 40721 Hilden","32,5 km",02103 25 59 80,http://www.birgit-kommessien.de/
"Braschoß, Grah, Kassigkeit",,#,"Parkstr. 7, 42697 Solingen-Ohligs-Aufderhöhe","32,5 km",0212 7 73 47,http://www.stb-bgk.de/
Lepperhoff Kohl & Partner mbB,,#,"Lüttringhauser Str. 9, 42897 Remscheid-Lennep","33,6 km",02191 96 66-0,http://www.lepperhoff.com/
Janz Angelika Dipl.-Kffr.,,#,"Düsselring 127, 40822 Mettmann","23,3 km",02104 80 21 31,http://www.steuerberatung-janz-mettmann.de/
Nowack Steuerberatungsgesellschaft mbH,,#,"Eichenstr. 152, 42659 Solingen-Höhscheid","34,2 km",0212 2 48 06-0,http://www.steuerberater-nowack.de/
Helling Dessy Steuerberaterin,,kanzlei@stb-helling.de,"Schaeferstr. 7, 44623 Herne-Mitte","17,5 km",02323 9 88 45 15,
Steuerberater Matenaar-Emundts & PartG mbB,,steuerberater@matenaar-partner.de,"Sommerdellenstr. 88, 44866 Bochum-Wattenscheid",10 km,02327 8 14 88,https://www.matenaar-partner.de/
Nithammer Harald,,#,"Bundesallee 233, 42103 Wuppertal-Elberfeld","24,3 km",0202 26 52 40,http://www.steuerberater-nithammer.de/
"Brink, Jagst & Partner",,bjp-essen@t-online.de,"Kastanienallee 95, 45127 Essen-Stadtkern",302 m,0201 8 22 66-0,
Plutat Ulrich,,#,"Obere Sehlhofstr. 34, 42289 Wuppertal-Barmen",25 km,0202 70 70 72,http://www.plutat.de/
AK Steuerberatungs GmbH,,info@ak-stb.de,"Alfredistr. 31, 45127 Essen-Stadtkern",482 m,0201 1 77 83-0,http://www.ak-stb.de/
Steuerberater Lücke Peter,,info@steuerberater-luecke.de,"Franzstr. 31, 47198 Duisburg-Hochheide",23 km,02066 37 00 73,https://www.steuerberater-luecke.de/
Hellmann + Kollegen,,info@stb-hellmann-kollegen.de,"Lyrenstr. 41, 44866 Bochum-Höntrop","9,7 km",02327 68 05-0,http://www.steuerweg.com/
Böhmer & Partner Wirtschaftsprüfer Steuerberater,,#,"Bundesallee 217, 42103 Wuppertal-Elberfeld","24,2 km",0202 55 70 84,http://www.boehmer-steuerberater.de/
Schwer Steuerberatungsgesellschaft mbH,,kanzlei@stb-schwer.de,"Auf der Heide 8A, 44803 Bochum-Altenbochum","16,1 km",0234 58 87 27-0,https://www.steuerberater-schwer.de/
Tognino,,stb.tognino@t-online.de,"Rottstr. 24, 45127 Essen-Stadtkern",453 m,0201 2 45 75-0,
Steuerberater Bernd Bruns,,info@stb-bb.de,"Papestr. 40, 45147 Essen-Holsterhausen","1,8 km",0201 79 98 59-0,http://www.stb-bb.de/
Schmidt Michael,,info@stb-ms.de,"Semperstr. 34, 45138 Essen-Huttrop","1,8 km",0201 8 94 37 92,
Altmann Markus,,#,"Düsseldorfer Str. 68, 47829 Krefeld-Uerdingen","27,5 km",02151 49 26-0,http://www.altmann-steuerberater.de/
Solinski Guido Steuerberatung,,info@steuerkanzlei-solinski.de,"Bahnhofstr. 174, 44629 Herne","17,6 km",02323 9 88 63-0,http://www.steuerkanzlei-solinski.de/
Steuerberater Wittmeier,,#,"Johannesstr. 32, 40764 Langenfeld-Immigrath","38,5 km",02173 90 43 80,http://www.stb-wittmeier.de/
Fischer Dirk & Fischer Birthe C.,,info@fischer-steuerberatung.de,"Girardetstr. 1, 45131 Essen-Rüttenscheid","2,7 km",0201 3 61 41-0,https://www.fischer-steuerberatung.de/
STS Moers Steuerberatungsgesellschaft mbH,,#,"Carl-Zeiss-Str. 46, 47445 Moers-Genend","29,1 km",02841 93 26-0,http://www.sts-moers.de/
"Abgabe, Abschluss, Analyse Dickhaut Marc Dipl.-Ök. Steuerberater",,info@tax-hattingen.com,"Sprockhöveler Str. 4, 45527 Hattingen-Blankenstein",16 km,02324 9 21 65 00,http://www.tax-hattingen.com/
Abgaben Abschluss Analyse RUSTEMEYER & PARTNER mdB,,rustemeyer@datevnet.de,"Frankenstr. 220, 45134 Essen-Stadtwald","3,8 km",0201 4 35 36-0,https://www.rustemeyer.com/
Arns + Partner GmbH,,arnsundpartner@t-online.de,"Holbecks Hof 28, 45276 Essen-Steele",4 km,0201 4 39 50-0,https://www.arnsundpartner.de/
Ingrid Meichsner Steuerberatung,,#,"Bebraer Weg 21, 40627 Düsseldorf-Gerresheim","28,7 km",0211 27 58 60,https://www.steuerberatung-meichsner.de/
Schmidt & Collegen Steuerberater,,info@schmidt-collegen.net,"Alte Bergstr. 2, 45549 Sprockhövel-Niedersprockhövel","19,1 km",02324 97 97-0,https://www.schmidt-collegen.net/
Stephanie Gillen Steuerberaterin,,info@steuerkanzlei-gillen.de,"Am Wiesental 7, 45133 Essen-Bredeney","4,2 km",0201 8 41 02-0,https://www.steuerkanzlei-gillen.de/
Yvonne Kalla Steuerberaterin,,info@stb-kalla.de,"Hängebank 8, 45307 Essen-Kray","4,2 km",0201 59 50 57,http://www.gaillard-partner.de/
Krahe,,#,"Erbschlöer Str. 22, 42369 Wuppertal-Ronsdorf","28,7 km",0202 46 95 81,http://www.krahe-stb.de/
Latz Piller Trenner Steuerberatungsgesellschaft mbH,,#,"Grafenberger Allee 125, 40237 Düsseldorf-Flingern Nord","28,7 km",0211 17 93 14-0,http://www.latzpillertrenner.de/
"Mayer, Monika",,#,"Grafenberger Allee 83, 40237 Düsseldorf-Flingern Nord",29 km,0211 66 33 87,
Quadrilog Beratergruppe,WIRTSCHAFTSPRÜFUNG,#,"Ratinger Str. 25, 40213 Düsseldorf-Altstadt","30,1 km",0211 30 12 50,https://www.quadrilog.de/
Arnolds & Damek – Steuerberatung in Bürogemeinschaft,,info@arnolds-damek.de,"Grasstr. 5, 45356 Essen-Borbeck-Mitte","5,3 km",0201 77 40 88,https://www.arnolds-damek.de/
Falck Mohrmann & Partner,,info@fmp-steuern.de,"Lindenallee 1, 44625 Herne","15,7 km",02325 93 67-0,http://www.fmp-steuern.de/
Abgaben Abschluss Stein Elke,,steuerberatung.stein@gmail.com,"Schacht-Kronprinz-Str. 6, 45359 Essen-Schönebeck","5,6 km",0201 8 68 61 67,
Heribert Lohrengel Steuerberater,,lohrengel@steuerberatung-lohrengel.de,"Ardelhütte 170, 45359 Essen-Schönebeck","5,7 km",0201 4 39 49-0,https://www.steuerberatung-lohrengel.de/
Sabine Tacke Steuerberaterin,,info@steuerberatung-tacke.de,"Stapeltor 1, 47051 Duisburg-Altstadt","17,2 km",0203 3 46 17 00,http://www.steuerberatung-tacke.de/
Jens Petzoldt Steuerberater,,#,"Moerser Landstr. 412, 47802 Krefeld-Traar","29,9 km",02151 56 10 71,https://www.petzoldt-steuerberatung.de/
Sievers Steuerberatungsbüro und Rechtsanwälte,,kanzlei@sievers-co.de,"Laerholzstr. 43, 44801 Bochum-Querenburg","16,9 km",0234 97 64 73-0,https://sievers-co.de/
"Kaufmann, Marion",,#,"Augustastr. 33, 42655 Solingen-Mitte","31,6 km",0212 20 82 88,http://www.steuerbuero-kaufmann.de/
steuerberatungsgesellschaft treuhand report gmbH,,#,"Goethestr. 1, 42489 Wülfrath-Innenstadt","19,5 km",02058 9 25 00,https://www.treuhand-report.de/
"Conzen-Mader Marion, Steuerberaterin",,marioncm@gmx.de,"Hans-Sachs-Str. 26, 45473 Mülheim an der Ruhr-Mitte-Ost","7,1 km",0208 76 38 85,https://www.steuerberatung-conzen-mader.de/
Döring Rainer & Busse Klaus,,#,"Eberhardstr. 37, 42853 Remscheid-Nord","31,9 km",02191 2 20 71,http://www.stbdoering.de/
Daniels Steuerberater,,#,"Werstener Feld 204, 40591 Düsseldorf-Eller","31,6 km",0211 2 29 36 55,http://www.daniels-stb.de/
Schneider Kanzlei,,#,"Düsseldorfer Str. 54a, 40878 Ratingen-Zentrum","21,4 km",02102 3 89 77-0,http://www.kanzlei-schneider-rat.de/
"Fleschutz, Hans-Peter",,#,"Dürener Str. 21, 42697 Solingen-Ohligs-Aufderhöhe","32,3 km",0212 65 20 34,http://www.steuerberater-fleschutz.de/
Steuerkanzlei Ralph Tappert,,#,"Schulstr. 4, 40721 Hilden","32,5 km",02103 5 60 61,http://www.steuern-in-hilden.de/
Steuerberaterbüro Lohaus,,lohaus@lohaus-stb.de,"Einbleckstr. 7, 46117 Oberhausen-Borbeck","7,9 km",0208 3 02 77 99-0,http://www.lohaus-stb.de/
Piecha Holger Steuerberatung,,,"Kupferdreher Str. 145, 45257 Essen-Kupferdreh","8,7 km",0201 48 81 65,
Steuerberaterin Ines Witt-Rachuba,,info@stb-witt-rachuba.de,"Hertener Str. 21, 45657 Recklinghausen-Stadtmitte","21,3 km",02361 5 80 38-0,https://www.stb-witt-rachuba.de/
"Grünsteidl - Tenhagen, Steuerberater - vereidigter Buchprüfer",,#,"Philipp-Reis-Str. 7-9, 46485 Wesel-Obrighoven","33,7 km",0281 20 61 82-0,http://www.te-gr.de/
Steuerberatung Jörg Günther,,#,"Wolfsfeld 1, 42659 Solingen-Höhscheid","33,4 km",0212 3 83 41 80,https://www.sg-guenther.de/
Kersting u. Partner Steuerberater,,info@stbkersting.eu,"Wildenbruchstr. 14, 45888 Gelsenkirchen-Bulmke-Hüllen","8,7 km",0209 1 79 70-0,http://www.stbkersting.eu/
Joachim Mohrhenn Steuerberater,,info@langewrobel.de,"Wallstr. 3, 45468 Mülheim an der Ruhr-Mitte","9,5 km",0208 3 75 89-0,http://www.langewrobel.de/
Steuerberatung Schein,,info@stb-schein.de,"Dr.-Alfred-Herrhausen-Allee 12, 47228 Duisburg-Bergheim","21,6 km",02065 69 02-0,https://www.stb-schein.de/
PSt Steuerberatungsgesellschaft Bottrop GmbH,,info@pst-bottrop.de,"Böckenhoffstr. 5, 46236 Bottrop-Stadtmitte","9,7 km",02041 7 65 87-0,http://www.pst-bottrop.de/
"Fiedler, Franziska Steuerberaterin",,steuerbuero.fiedler@t-online.de,"Gildenstr. 18, 46117 Oberhausen-Osterfeld-West","10,1 km",0208 89 82 61,https://www.fiedler-steuerbuero.de/
Bräuer Angela,,#,"Bützgenweg 4, 45239 Essen-Stadt Velbert","10,2 km",0201 1 77 55 01-0,http://www.braeuer-stb.de/
Steuerberater Winkler-Binder & Binder GbR,,steubi@steuerberater-binder.de,"Bergknappenstr. 16, 44866 Bochum-Günnigfeld","10,2 km",02327 98 85-0,https://www.steuerberater-binder.de/
Fey & Partner GbR,,#,"Isselstr. 3, 46483 Wesel","35,2 km",0281 33 83 60,http://www.dres-fey.de/
"Hellnigk Detlef J. / Weiss Joachim / Zyber Maik / Feldmann Jochen, Notare",,anwaelte@hellnigk.de,"Lothringer Str. 35, 46045 Oberhausen-Altstadt-Süd","11,1 km",0208 80 10 21-12,https://hellnigk.de/
WRT Steuer-Revision und Treuhand KG,,gevelsberg@wrt-gevelsberg.de,"Im Winkel 16, 58285 Gevelsberg","26,2 km",02332 3 05-3,http://www.wrt-gevelsberg.de/
Milz Treuhand GmbH Steuerberatungsgesellschaft,,#,"Friedrich-Ebert-Str. 259, 42549 Velbert-Mitte","12,7 km",02051 95 32-0,http://www.stb-milz.de/
Bartsch & Stuppin - Sozietät für Steuerberatung,,info@sozietaet-bochum.de,"Kolkmannskamp 9, 44879 Bochum-Linden","11,3 km",0234 5 88 20-0,http://www.sozietaet-bochum.de/
Brenner Steuerberatung,,info@stb-brenner.com,"Kolkmannskamp 4, 44879 Bochum-Linden","11,3 km",0234 9 42 20 23,https://www.stb-brenner.com/
CONZEN Dipl. - Kaufmann Joachim Steuererklärung - Online,,info@conzen.org,"Saarner Str. 131, 45481 Mülheim an der Ruhr-Saarn","11,6 km",0208 4 37 64-0,https://www.wp-conzen.de/
Dagmar Störtz-Sievert,,#,"Blumenstr. 21, 41564 Kaarst-Nord",37 km,02131 4 02 16 87,https://www.dss-stb.de/
Johannknecht PartGmbB,,info@steuerberatung-johannknecht.de,"Saarner Str. 314, 45478 Mülheim an der Ruhr-Speldorf","12,2 km",0208 5 88 69-0,https://www.steuerberatung-johannknecht.de/
Dr. Ferschen GmbH Wirtschaftsprüfungsgesellschaft Steuerberatungsgesellschaft,,muelheim@dr-ferschen.com,"Großenbaumer Str. 93, 45481 Mülheim an der Ruhr-Saarn","12,3 km",0208 48 49-0,http://www.dr-ferschen-gmbh.com/
ALEFF & Partner GmbH,,info@aleff-partner.de,"Clemens-August-Str. 33, 46282 Dorsten-Hardt","22,4 km",02362 91 55-0,https://www.aleff-partner.de/
Bataille-Maas Dipl.-Ök.,,info@steuerberatung-bataille.de,"Kohlenstr. 36, 44795 Bochum-Weitmar","12,9 km",0234 51 69 91-0,http://www.steuerberatung-bataille.de/
Ursula Schulte-Küch Steuerberaterin,,steuerberatung@schulte-kuech.de,"Wilhelmstr. 15, 44649 Herne-Wanne","13,2 km",02325 7 52 63,http://www.ursula-schulte-kuech-steuerberaterin.de/
Albers Steuerberatungsgesellschaft mbH & Co. KG,,#,"Hardt 38, 40764 Langenfeld-Immigrath","37,7 km",02173 97 78 64,http://www.albers-steuerberater.de/
Brigitte Reinemann Steuerberaterin,,mail@steuerberatung-reinemann.de,"Holtkampstr. 17, 46145 Oberhausen-Sterkrade-Mitte","13,3 km",0208 94 10 45-0,https://www.steuerberaterin-reinemann.de/
