Company Name,Position,Location,Date Posted,Job URL,Time Span
Conservation Tree Care,"We are currently trying to fill an opening for an arborist trainee, more info at the link below","Seattle, WA",,https://www.indeed.com/rc/clk?jk=14a9e6f87a5d4abd&bb=2aSqd4RNFh8KKy7l4MFEbF6217AnXYTLxKlZ3Gbg4gAlERm7XPCNR-eNqF2D_A12l_Y_cXNueuVKtfGS9alyeHtla5qaNyaNHSvQvgOaIfuLyVPfBXO6DDkp3B-lorG-&xkcb=SoB967M34dIrAvyMch0KbzkdCdPP&fccid=fd0decb923267824&vjs=3,14Days
Bristol-Myers Squibb,Cell Therapy Training & Learning Co-op,"Hybrid work in Seattle, WA",,https://www.indeed.com/rc/clk?jk=ef54d46765e1071c&bb=ot89JX5PouBwYpc9ynGfpF7k5gsrkAE_m6Xs1Mg3p5xbtN5JkeD-uTI-SMfdRkg3D89QG1sxZzN5eUcETJzWz5KUQt6Z3LT-sPwHinzRRpowgTXXvMmE1Q%3D%3D&xkcb=SoC967M34dI7f-yNgB0FbzkdCdPP&fccid=ab891284bb561914&vjs=3,14Days
Expedia Group,"Vice President, Corporate Strategy","Hybrid work in Seattle, WA 98119",,https://www.indeed.com/rc/clk?jk=22f143877580c03e&bb=w51iUfh-f0dAijGVJPlUTkLJpZ70C6K4z2EI_CHp2pB3VqX8q7hfIt2yrjUVejHHZNY1Ex2NVCvA3oG3CcS-q7XbyVkNdVS2k90yMy4jCIxT39cdJHiS4w%3D%3D&xkcb=SoD867M34dJLc6yT9B0HbzkdCdPP&fccid=160efb82f2462f14&vjs=3,14Days
Blue Origin,"VP of Talent, Culture, and Total Rewards","Seattle, WA",,https://www.indeed.com/rc/clk?jk=874741830ebd8558&bb=t8ASxrbT1C9o3-UVfrLmxIqzQt8O783FkiAH0zdcpzcQLAhihXm9pp2X2Y-W-2M9MLQ_fVrcjR3R1_GUlcs6weUHhFIie5IOUjvF1EGsVZidxhEkFD088qMJvsxLbb70&xkcb=SoBs67M34dKctcS4Qh0DbzkdCdPP&fccid=0f97f3c514b55d0d&vjs=3,14Days
iLink Digital,Business Analyst,"Seattle, WA",,https://www.indeed.com/rc/clk?jk=9cd1b1421d324e43&bb=qTbgmoaCQ1XW03tGx_16WsLCWgF_OyIKuCClZ7S3vbJv6HdSbSX-vwaekHlPASb32rApzWB0njpLGRl_N8HsNDfk4QLEL8xMTlGQwgYy07YClsvTlQABMabYKvl_-92L&xkcb=SoCP67M34dK99BwEFR0IbzkdCdPP&fccid=f651e676c7858e20&vjs=3,14Days
"Nucor Steel Seattle, Inc.",NSSEA 2025 Technical Academy,"Seattle, WA 98106",,https://www.indeed.com/rc/clk?jk=c81879387d8408f9&bb=rCqeAVtbZjLSqoTBFA3gfdYY62DJ-aVJ-Zjh4F4r0YNiLhB3A7aTdR40uGrOd3iA3SOFGj8MCVHiCcRHnp-fcV7ye_Jv_7iN9DW6JFrIgaZ6pfynKEwp1w%3D%3D&xkcb=SoAN67M34dMvTSy4Qh0MbzkdCdPP&fccid=11183c39687f3f4d&vjs=3,14Days
Ritchie Bros.,Customer Service Representative I,"Seattle, WA",,https://www.indeed.com/rc/clk?jk=ac6d9da351c1043c&bb=fKYvn2CDmKh2euV3LFV92uradPrtx1U3QguR8H9PdLmlrOuzJgp1jC21YhfUwXuECDJFo1KAGr1BwiFakHjrYgwn9bemTniwrt4F6nPPJSEOTL9Rde5o9-hM6A0_kAGN&xkcb=SoBQ67M34dNPHUyMch0JbzkdCdPP&fccid=143c7479acc5b806&vjs=3,14Days
GUHRING INC,Sales Territory Manager,"Seattle, WA 98109",,https://www.indeed.com/rc/clk?jk=6ad127fe3c6889be&bb=OgK_UB8UQ-AINmWtWsgV8IaVL3Wt_0r3UHAFjIEnG1uMCvGxzqBqUS2i6KYRqUrbxpDk7NfBpp-ItSpUsRGVM99Y8wJcKwRk2rJ8qnRrwcxz2RU6lhDMa5l_3CRf-wpM&xkcb=SoB867M34dNvTQSNgB0HbzkdCdPP&fccid=a709bd28e77da210&vjs=3,14Days
Worldwide Flight Services,Operational Leadership Academy (SEA),"Seattle, WA",,https://www.indeed.com/rc/clk?jk=b4e5a67838d47663&bb=WUkY5LoRfM1DSx71r-AIJZnAB454J2EWerWdNgJIZH_piFbugCO8POWh17No4TTQly4oVtVGZs981hueVCHRXAH4NYKaIrtHetwOEcl3Qla84DOlHhDGgHD0sVE0ktVw&xkcb=SoDf67M34dOvDexUIx0CbzkdCdPP&fccid=9a6f2437e57a62bf&vjs=3,14Days
Worldwide Flight Services,Operational Leadership Academy (SEA),"Seattle, WA",,https://www.indeed.com/rc/clk?jk=b4e5a67838d47663&bb=WUkY5LoRfM1DSx71r-AIJZnAB454J2EWerWdNgJIZH_piFbugCO8POWh17No4TTQly4oVtVGZs981hueVCHRXAH4NYKaIrtHetwOEcl3Qla84DOlHhDGgHD0sVE0ktVw&xkcb=SoDf67M34dOvDexUIx0CbzkdCdPP&fccid=9a6f2437e57a62bf&vjs=3,14Days
Ericsson,Customer Cyber Security Director,"Seattle, WA",,https://www.indeed.com/rc/clk?jk=acc8aa2218e918a9&bb=mxD-KerMqBXrOYy0newE_Nw0IloqSIYBQbDgfXYBkFQAskCLVnP-wxovbqYwIkmV798sCkhH2gpON3OzYmxPHaO0XiN4XlYV0vjNZLEJJVTZU_OyEB4mvg%3D%3D&xkcb=SoC267M34dADUFQELx0LbzkdCdPP&fccid=82656d64a9a3e6a7&vjs=3,14Days
Best Buy,Geek Squad Agent (Retail Store),"Seattle, WA 98188",,https://www.indeed.com/rc/clk?jk=2b13985deb9c8b59&bb=ks4ouWkwuepqHA-dmIeJ5UQpBndrF3XKY_gWMzdIFlZ-EGJzeeH57XMdEg3UXDNs6xREXABXhAOYyic5uP3qJPUJa0ANXMAYC7lbjaSC4dYN3QQZdcrO8g%3D%3D&xkcb=SoB667M34dAj4gSMaB0FbzkdCdPP&fccid=027d7cca25a5d14f&vjs=3,14Days
Teleflex,Associate Sales Representative,"Seattle, WA 98101",,https://www.indeed.com/rc/clk?jk=4e23a20fdd4b11ef&bb=oESEgKhhFidLM0yNZYW-9QGaRupapsuS8FQW5qDvW-OxmTMpR6-A3JmVbCkN29zebnzjGFjN7T0gvBN4eTxu8DVB5Pq--7PTgS20egTSnr5k2DMrIQ7os-U-LS7YaIuh&xkcb=SoBF67M34dBjjTS4Qh0CbzkdCdPP&fccid=8f56bad16c2f4eef&vjs=3,14Days
Cox Media Group,Account Executive - KIRO TV,"Seattle, WA 98121",,https://www.indeed.com/rc/clk?jk=8f4e30488719011b&bb=oESEgKhhFidLM0yNZYW-9dnkezg_0Xxvksng7x9502R8cbgr3YCXEbxSefrqTh7wvRu9uHxwQ_qIMf6N4IT_jq940trbCQoBZ8j9pPn23oHe7fbKptXP_atNDmv4cwcF&xkcb=SoDi67M34dBjjTS4Qh0HbzkdCdPP&fccid=0b17f7cabd6aa1dc&vjs=3,14Days
Rivian,Vehicle Detailer,"Seattle, WA 98118 
(South Beacon Hill area)",,https://www.indeed.com/rc/clk?jk=1584eb4669d7dbf7&bb=3V2Da7l07Wq8YEqQM_z-ovBjyEyONdD7zXwmXApiepDvjj7eChjA8ztLpSXXQCiHQHBsQwCruxaJjOm62bT4N7dFHYYKiesg1i76S-sYdNamiWqk8qfNvLFEiA4bSHY-&xkcb=SoDE67M34dBzwNRUIx0JbzkdCdPP&fccid=ab392afaee93f976&vjs=3,14Days
AkzoNobel,Warehouse Operator III,"Seattle, WA 98108",,https://www.indeed.com/rc/clk?jk=0d4996b865f8da37&bb=xxiT2SuZPJVIHZXmHvsAFQnfjCJ3DPJK3UfCRsCLCoxTE0U9bxSDEmcijI9Pt6izXpHaecluB1eqoJedYL35g3SlAtJ02Mi1N5xXt577MI36El1v_RRiqF9u4R-kzJEL&xkcb=SoAK67M34dCD4ByNgB0PbzkdCdPP&fccid=5081809cb71a558d&vjs=3,14Days
Expedia Group,"Director, Business Performance Insights - Expedia Lodging & Portfolio","Hybrid work in Seattle, WA 98127",,https://www.indeed.com/rc/clk?jk=e8c5303bc08cb8c4&bb=EbtFGbovg0ppvLwsAf0Z8yhNmPl4d5zy6qAmmuXWS_L8sq4D1KteX8uzruqf9qjlhNCbH-79yY8yC2No6-PjcuSrfZjTkXQyl4FocFuYXf6bP6oSuNkuuw%3D%3D&xkcb=SoBa67M34dCkkCy4Qh0KbzkdCdPP&fccid=160efb82f2462f14&vjs=3,14Days
Best Buy,Retail Sales Specialist - Computing,"Seattle, WA 98188",,https://www.indeed.com/rc/clk?jk=7c50b2d383d58c65&bb=D6-pxE7vno7BCmwNg7-c5GUV1HRF_ZxEBPiyjOMffhKI60B9hZR2l1u4ldXg3oaEqkzUDkqkQjqda_KF4LtwRQN2d2bMk5ZshjOo2VlTihmcZswgqa2JJg%3D%3D&xkcb=SoB367M34dC0DNyNgB0LbzkdCdPP&fccid=027d7cca25a5d14f&vjs=3,14Days
Tetra Tech,Regional Finance and Contracts Manager,"Hybrid work in Seattle, WA",,https://www.indeed.com/rc/clk?jk=0373a60a5ed6d57d&bb=D6-pxE7vno7BCmwNg7-c5EQgo0Wae--xbFDbpS5MbJTN5l9OESw_3Eef3iq_hI9YzBD0uCww27ffFAVPtgmurMC1pPP6mzVVyP5W4lDxyBAOu5uXisJt1Q%3D%3D&xkcb=SoA567M34dC0DNyNgB0BbzkdCdPP&fccid=997110e6d9c4c093&vjs=3,14Days
Seattle Theatre Group,Day-Time Custodial (Full-Time),"Seattle, WA 98101 
(Downtown area)",,https://www.indeed.com/rc/clk?jk=28bc899a603dadba&bb=NyDI9oZBJPgamy2nDMH_Aciv2Bezo1X5lMyfr5tca5Nl6aN9U5TS8f5Q4UB5hxWJg5BhYz9eLAcqb1vh16j-xO5eK92pRCNHtz7y0SQYLXwjdEh4BJvds5OfPA6Cgg4t&xkcb=SoAm67M34dDEd1SgAJ0LbzkdCdPP&fccid=5c7161789afc36d6&vjs=3,14Days
Oracle,Principal Network Planner,"Seattle, WA",,https://www.indeed.com/rc/clk?jk=1fcb5cc7371a8387&bb=WupZEZV5aJczJZS3Dr4NRB70cMCLgeuRB5gwfMAMcOYJEY8WOUmqo4BwSvxZ-WDpb325DeoTehW1XXaPYqnOiOQoJgsipSB7twUMvdw5j7LzyO7J-k7GtQ%3D%3D&xkcb=SoBu67M34dDlWPxUKZ0ObzkdCdPP&fccid=cd22d01053af7669&vjs=3,14Days
Deloitte,Technical Project Manager,"Seattle, WA",,https://www.indeed.com/rc/clk?jk=caf5bb1ac7883637&bb=xE3vDy_RiE8TC84_zQiTeUzE6gjk8yqO-GkEb3U7CYYcfsPsj5bVwKenNXHRtdx2OnRSTkqDqSpXWVxf9GUUhHDm-WJdJlC4hDn8DJhr4dYgOnyGLcYxEA%3D%3D&xkcb=SoCf67M34dD1jCSgAJ0AbzkdCdPP&fccid=9e215d88a6b33622&vjs=3,14Days
McLarens Global,Administrative Assistant,"Seattle, WA",,https://www.indeed.com/rc/clk?jk=a81f3744b5cf30b9&bb=ZT_sP5gU3KrYY6D_mpf6fFOZfSzEsUAMcGyrDhsolBkXdfvqDgDrNfKzS0FpLvl9U-NV10yDS5ysZBi4_lyyD0idRZuOwRjPoKkxHkYLRepZI50IN8WKlj_8sxc6LE8u&xkcb=SoDA67M34dEnhMSgAJ0ObzkdCdPP&fccid=3c005fc82633eea1&vjs=3,14Days
Costco Wholesale,IT Product Owner - Corporate Solutions,"Seattle, WA 98134 
(Industrial District area)",,https://www.indeed.com/rc/clk?jk=ca499aa9b3864595&bb=ZT_sP5gU3KrYY6D_mpf6fACF9JUJ-R-pfecWErUpF0PS5jMgyJf-joMfx_pLQ21Lok1ILfXBg7aWXDM3Bnfut53fX3WdYdk9klRqc2ZfxAve4mmpX06D1Q%3D%3D&xkcb=SoC067M34dEnhMSgAJ0CbzkdCdPP&fccid=9b77e2b0ccfb3838&vjs=3,14Days
SEKO Logistics,Inernational Supervisor,"Seattle, WA",,https://www.indeed.com/rc/clk?jk=856187d97f8a3a04&bb=QfgkOwG_n9DWcRP-Rr5zcSF_Evy5T5v889BUETvJMszGWYacT4milrCQceCIRua_hHjShkosioGa0J5qoXR0I-vL62ZQVhjfmQu5SAFCrZJGZrMiD3_usoxZy3qR02AF&xkcb=SoDb67M34dE3n2SNgB0JbzkdCdPP&fccid=14ecdddb88561376&vjs=3,14Days
Cumming Group,Project Manager,"Seattle, WA",,https://www.indeed.com/rc/clk?jk=ce3383baa8cda7ea&bb=QfgkOwG_n9DWcRP-Rr5zcdrxF1mj-y6pzf9MwD5cNE6gzvE0jpYhNT_jetekB7H7dEJoXFNZsMXy0G8SlCNvyElbTL6thyVOvkyzRt32raqv5R3IeeDM_FdLNFWU0lai&xkcb=SoDh67M34dE3n2SNgB0PbzkdCdPP&fccid=4904e328c1fa7698&vjs=3,14Days
Kerry,Production Associate - Batcher,"Seattle, WA 98108 
(South Park area)",,https://www.indeed.com/rc/clk?jk=75a2e99450a89de6&bb=J9GvkEw-tdL-XfzzlWHyLB-OAiFX41XE4nfO0RLPCEStvFcTixnNWfUNxxEUh-iNeA00ApHnLCpIytrQx9s2wJgKvvkf957emiw19PfJx9qwhFvWYxCfo5RHrxYIQ5EW&xkcb=SoAP67M34dFHl9ygAJ0KbzkdCdPP&fccid=4c2ad73ae75d8284&vjs=3,14Days
Boston Scientific Corporation,"DBS Field Clinical Representative - Seattle, WA","Seattle, WA",,https://www.indeed.com/rc/clk?jk=1ca31a7b8f15fc46&bb=J9GvkEw-tdL-XfzzlWHyLP73K6MnkwDQUCZpytBnl-hpZjBbOrP-7kdZ0MeR17tB_JcFy7FTVZ0EtIjqnfkAtVJayofWRKxnJoJr3Cgekhtmbg3a6UC3Ng%3D%3D&xkcb=SoDP67M34dFHl9ygAJ0HbzkdCdPP&fccid=d13187a50c252e33&vjs=3,14Days
The Church of Jesus Christ of Latter-day Saints,Administrative Assistant 1 (Full-Time) - At a temple site in Washington or Oregon,"Seattle, WA",,https://www.indeed.com/rc/clk?jk=c9491ed8c32d0d78&bb=BL94K89X_hoksncnzalh3nudt66sXLWQuDe75KQhg0SFNpctwzS6JK0mLH8IsDyQEgMYv8oF4p6xrEbZgNYioj24jRZTBXeeYiEjNo5iYxrzJQsmAFoVErXcna8k5FRv&xkcb=SoCk67M34dFXxdSgAJ0PbzkdCdPP&fccid=7e408d96768a4a43&vjs=3,14Days
Oracle,Software Development Snr Manager,"Seattle, WA",,https://www.indeed.com/rc/clk?jk=2ddcff2688de401f&bb=A_G2UsPmjHbqxjRspcXExiZYOptOaTdd00DqOnldIRSXS1DH6PJlwJ1pL5NHGDGufoW6yRxnFRjqu_qOD9zkiktP60taGrnbUscBrO4HCUtgbygwFLO3PA%3D%3D&xkcb=SoBc67M34dFo7NS4Rh0CbzkdCdPP&fccid=cd22d01053af7669&vjs=3,14Days
U.S. Department of Justice,"Legal Extern, 2024-2025 Academic Year","Seattle, WA 98101 
(Denny Triangle area)",,https://www.indeed.com/rc/clk?jk=1fb30f1f3bddd844&bb=A_G2UsPmjHbqxjRspcXExr8GNIWhxdrdzRlXZ-hwz6UeHlRVy1mt-wY_TOqiIo0CE4HL2uv4MpUEj1NkskFtsJF_CYpnP6awquINB8IhryXxL8Qxqwdnm2boj4bImadm&xkcb=SoBP67M34dFo7NS4Rh0GbzkdCdPP&fccid=a82ba43bbfe2b26b&vjs=3,14Days
Kerry,Production Operator - Batching,"Seattle, WA 98108 
(South Park area)",,https://www.indeed.com/rc/clk?jk=b066ee38d2a7d3ae&bb=kLX-W3Eukuc0qTAij2bMQ9GR5Uf5A03t9REYAGSWlpFD2OfsucgrIpXqQBBTD9dbuYw4pIxFyzNsm-1XnbijCrR6I9_JFAyKgns8vGboXii3Y0Zg8qv-FL7EbkgoawW2&xkcb=SoAF67M34dGZPLST9B0HbzkdCdPP&fccid=4c2ad73ae75d8284&vjs=3,14Days
U.S. Department of Justice,"Law Student Volunteer, Summer 2025","Seattle, WA 98101 
(Denny Triangle area)",,https://www.indeed.com/rc/clk?jk=8ffc295278989dd8&bb=f1VSLl-dfOe6AXU9Q9lY1-6jIiNBmDzflO0WBsqmaz74l3Z3j7Yx65WfyEOJBf7LqDcZRWKf98Gv8LzD3X3WZLPhRxCIbpVY_1tFj9uL5TaBujqwba7KEcnBXC6FuSG0&xkcb=SoBa67M34dGpZOy4Qh0ObzkdCdPP&fccid=a82ba43bbfe2b26b&vjs=3,14Days
AAA Washington,Receptionist,"Bellevue, WA",,https://www.indeed.com/rc/clk?jk=a0cca30e0fc046e5&bb=JtQxcJXUACkaregqIVoXdH2uKv4pbn2hDVNQo8vUu6fDLZz0WAjmhdgwNMc8xBzdk2gDpE1Kk3Lc1ESo9a1JbIbLBqHRX3oGjordXADn9XIZxPNgk1TsOQ%3D%3D&xkcb=SoC067M34d575MSgAJ0ObzkdCdPP&fccid=06b2afa668cd6451&vjs=3,14Days
SAP,SAP Student Training and Rotation (STAR) Program- Corporate Marketing [Bellevue],"Bellevue, WA 98004",,https://www.indeed.com/rc/clk?jk=6c9897fc8b8f1bef&bb=LAycVQ4fQp81nEvh08Ufmi8kvPYWoz47Ls_MVF9TXn_sRkY1UyOGQ3VNRt7PQgn_h1e8qdhmc_zbP8W9BTtyhLctn1DHJZq5HB5wIqmw-fNmrYcg859MdA%3D%3D&xkcb=SoC-67M34d6I3TyMaB0HbzkdCdPP&fccid=156c7820d1988640&vjs=3,14Days
Snowflake,"Product Marketing Manager, Data Sharing","Hybrid work in Bellevue, WA",,https://www.indeed.com/rc/clk?jk=802c309174786a3c&bb=-TD_p7oWulp7sDhxn7fnM7h5ijK-2eErr39tKEoAFGphjBCSgWUCrus2BuNtJlYphQ3uGmBztvtHrkQc9HxGUzUzogs2TouUPij7kBPVXVB9MYxim_FuSbUjUv_7awXQ&xkcb=SoBH67M34d6aqsRUIx0JbzkdCdPP&fccid=de6a7f640562b0c1&vjs=3,14Days
Best Buy,Retail Warehouse Associate,"Bellevue, WA 98005 
(Wilburton area)",,https://www.indeed.com/rc/clk?jk=62ca14f712263378&bb=chIM8b67iH_n-sJc9C0v0OOHj_-Rbe1hoHb7oQ78IAvwsqNyylWCZO5knIp-EfBpMmxeGb2Kg-laO1BxBXbkrQVmPkD787fyJQm3NY-hNsbv1v5lN43aZg%3D%3D&xkcb=SoDJ67M34d6qUvyT9B0PbzkdCdPP&fccid=027d7cca25a5d14f&vjs=3,14Days
Embassy Suites Seattle Bellevue,Night Auditor,"Bellevue, WA 98008 
(Eastgate area)",,https://www.indeed.com/rc/clk?jk=7a2cf8dd87053efd&bb=wgpMnHpabQpOeamuh0VRO3NlUumyy3ESrbUxS_Dr6NUdN5ilTlNesKvunB0S3rHoqI3yysRzd_uttMZnsozdZW3GlAnJC4sFOz-SmLWRkTOqNT-VYhsj8vEsL_3XCzi3&xkcb=SoAW67M34d7aXURUKZ0VbzkdCdPP&fccid=6796d52faafd8211&vjs=3,14Days
ITTIA,Software Technology Sales,"Bellevue, WA 98004",,https://www.indeed.com/rc/clk?jk=8e71cf3c973601ac&bb=wgpMnHpabQpOeamuh0VRO8I568TuThbIlm5RrQ9S8eeE9LGHuTffLog7D8m1KV3LM7KdkUt0Wh9Ms0rnYv2RcGl-Ylg0MjXd-Zp8DedQlEbjy-OFvEfOIpXbm_lpX5DI&xkcb=SoAK67M34d7aXURUKZ0vbzkdCdPP&fccid=b1cc58dfea7c3afc&vjs=3,14Days
AvalonBay Communities,Supervisor Maintenance,"Bellevue, WA 98004",,https://www.indeed.com/rc/clk?jk=83400f14160291a0&bb=sFhyEoiANONLrxF4k3sOJ02E03PlfhWCtgItkKDK35wXczRTEBJn58ofi-4Muk3cAuPXAccGhsYUio24eSlWrDaKvVdxyWX5od5eft0oxjAN892ZPgbjYHOjjeQm0Aus&xkcb=SoA767M34d7qHHxUIx0PbzkdCdPP&fccid=5fae468f83f616ed&vjs=3,14Days
ZS,Business Technology Solutions Consultant,"Bellevue, WA 98004 
(Downtown area)",,https://www.indeed.com/rc/clk?jk=a0ee985fb26f15ec&bb=sFhyEoiANONLrxF4k3sOJzOdVlQiQ3dBI-Pl-3yRWwhH7v7byWRSI9JmUpr56RUQ25596idn9TjQhlFYFybPSBLU7_FvMdk94WtPR9Z0QBitBCmmZC3jwPqqE5YS0Uwb&xkcb=SoCm67M34d7qHHxUIx0MbzkdCdPP&fccid=f349f6e84d53b739&vjs=3,14Days
CBRE,Receptionist,"Bellevue, WA 98004 
(Downtown area)",,https://www.indeed.com/rc/clk?jk=a89d170d163a9759&bb=sFhyEoiANONLrxF4k3sOJ-oMUf9-yXjVm6XIwoV_gcaW9AFB0zXaW0bAw_Mgo6Ept3jI7n7Gi8BSa912jCdwm7jtF5jAF7ATjMNqswJ89hzW8YIli-1KK9EMtjSKIJqt&xkcb=SoB167M34d7qHHxUIx0FbzkdCdPP&fccid=c9b9e477b3c84b4d&vjs=3,14Days
Best Buy,Retail Sales Associate,"Bellevue, WA 98005 
(Wilburton area)",,https://www.indeed.com/rc/clk?jk=2c2303ef987b2f68&bb=Mh-OWxMBUh5LmkhJu7UqIfyH8dG34mu_lfpQUf7F4WuJlkCP_JJRgCSys5TFFcdHUDrm3B16CGPJMNxjJCTs19Dv-qei_56HWxMK6hMk_HgV688lHYrBqw%3D%3D&xkcb=SoCZ67M34d75wxxUIx0LbzkdCdPP&fccid=027d7cca25a5d14f&vjs=3,14Days
Embassy Suites Seattle Bellevue,Overnight Houseperson,"Bellevue, WA 98008 
(Eastgate area)",,https://www.indeed.com/rc/clk?jk=c6719ab1acee7df0&bb=Mh-OWxMBUh5LmkhJu7UqIW_85yrxCbVfXLrh6xOINp4uKp_JyJquqDQfXERKXkAFGF5_MpRbM4IYPM-tb12ra4lskY8AQIVw-rGH-wKBFnfcQqaPvU7TC2qOLoLYr4EN&xkcb=SoBK67M34d75wxxUIx0CbzkdCdPP&fccid=6796d52faafd8211&vjs=3,14Days
Specialty Eye Care Group,Optometric Technician Job,"Bellevue, WA",,https://www.indeed.com/rc/clk?jk=42837a32eb0f3c2e&bb=DdYUCNvRnYPm1fNAHL3_K0yTT57S1MSHR-Nf75FDEmLJONxxbVJ7fNjkMkT8zjq0RaOQGWpZ0vMIAMicqC-HnjqTeYJivnFEGKnqUpeTjN-dRXRKZDau58St0YK_y0VW&xkcb=SoBQ67M34d8JyfyMaB1dbzkdCdPP&fccid=a1536fdbde4e54f7&vjs=3,14Days
KPMG,"Document Processor, Seasonal Support","Bellevue, WA",,https://www.indeed.com/rc/clk?jk=ed57e7f390f55789&bb=DdYUCNvRnYPm1fNAHL3_Kxc6MggtT5AzowQHrafYb-qJev_87YULtF1VtRRUqjb7DC18kaIgWjheb_8d7juHBzlL2NH6nafEoj9ir96-zhHsl8gcj-1iYg%3D%3D&xkcb=SoAN67M34d8JyfyMaB1TbzkdCdPP&fccid=2dd390c3a48a7ed0&vjs=3,14Days
Embassy Suites Seattle Bellevue,Bartender,"Bellevue, WA 98008 
(Eastgate area)",,https://www.indeed.com/rc/clk?jk=3b08fd4b43726db4&bb=DdYUCNvRnYPm1fNAHL3_K8oo2vCjiTlytuP2bJNSv4PXiVzKF8hu81UHEUmMdo5L9ijgBEASIqWstD7CwWoYqGLugUYrScGjxufuScFQn-4X8J4nR63j8JGXgOgxxt1t&xkcb=SoAe67M34d8JyfyMaB1XbzkdCdPP&fccid=6796d52faafd8211&vjs=3,14Days
KPMG,"Manager, Client and Engagement Acceptance","Bellevue, WA",,https://www.indeed.com/rc/clk?jk=d835aeae60cad5dd&bb=R8AYrOzC9D8clT5S1tlGfcxTAdzd2L8QnKej2QMfTbIT7H5MnjtTLydCSCPdlnpb5JwWUXfmR6q079JZi67n-AAPp5ye40YPiNjEmIh4-xKuZEOD9_VDHw%3D%3D&xkcb=SoA-67M34d8ZhTygAJ0LbzkdCdPP&fccid=2dd390c3a48a7ed0&vjs=3,14Days
ZS,Decision Analytics Associate Consultant,"Bellevue, WA 98004 
(Downtown area)",,https://www.indeed.com/rc/clk?jk=e59d2393f4906b92&bb=R8AYrOzC9D8clT5S1tlGfZ2mu1xzngA1q9lv3ARn6SRuPwv7ifEJAkMb9fj7Cj4_zVkcYtn8HbnmvDllqBfH6e_20qMH0pHAkqRfAla5d7ADr8n58xURaDkVRgtKJoC7&xkcb=SoAX67M34d8ZhTygAJ0JbzkdCdPP&fccid=f349f6e84d53b739&vjs=3,14Days
Snowflake,ANALYST RELATIONS PROGRAM MANAGER,"Bellevue, WA",,https://www.indeed.com/rc/clk?jk=ff10f7094e3afffa&bb=R8AYrOzC9D8clT5S1tlGfYd5lzxW0BmancIs87FN1VVDfVFVYMENIuROcJZpKMRhMSEaCaamFgzsuuhu84Xr7hKVlnqRvsR13y04h9GoILQN-HQ3omIwIcKAWBWZXNHj&xkcb=SoCZ67M34d8ZhTygAJ0ObzkdCdPP&fccid=de6a7f640562b0c1&vjs=3,14Days
T&T Supermarket,Store Promotion / Traffic Control / Dish Washer (Urgent / Temp),"Bellevue, WA 98006",,https://www.indeed.com/rc/clk?jk=2c3d679c5a31d5c8&bb=R8AYrOzC9D8clT5S1tlGff9HPZTGljGP6x90gKCUcU1w543Gu_Mt0Yqp6Ia8awFz6RoCUXrLw2twm7rjnCYNU-ff6i4wNARlHPgyWBF6oliuAhRGNrpBCMCqeK1jkUcH&xkcb=SoAE67M34d8ZhTygAJ0NbzkdCdPP&fccid=e4b0947e5d414ee0&vjs=3,14Days
"Advanced Micro Devices, Inc",Applied Research Scientist,"Hybrid work in Bellevue, WA 98007",,https://www.indeed.com/rc/clk?jk=9b19b7a45de8e6b2&bb=R8AYrOzC9D8clT5S1tlGfZ30Z2y8ZrAVXF8AFfkYJGHQ3KyEe5k4zSx1onDn-5_eZNCpTPEdgoRExGPDHJ265g6UdjGgyHE-OFfW0c38bsNdo0W5VGGnEZw61RIhPa4t&xkcb=SoBw67M34d8ZhTygAJ0BbzkdCdPP&fccid=b45c4b5a9c9a7448&vjs=3,14Days
Ryder,Furniture and Appliance Home Delivery,"Bellevue, WA 98004",,https://www.indeed.com/rc/clk?jk=a86bafe7bf935256&bb=iU-YZ_nkLYFxQbAYx__K_USBbvSVGvuegIzBvVhg3-rh_HVB-06086dxWCr8Kx_tiNlJhjmI9og6xI0RrkeBXEzm8rSACh-5H0avwpNaPgbNqMEFRtTwqQ%3D%3D&xkcb=SoAr67M34d8qQ9SNgB0PbzkdCdPP&fccid=22f3171d623451cc&vjs=3,14Days
Snowflake,"Principal Sales Specialist, Data Ingestion","Bellevue, WA",,https://www.indeed.com/rc/clk?jk=418c62bd3a819866&bb=iU-YZ_nkLYFxQbAYx__K_csZ6Eq41mG-mRMlORTrlLtSI_Zq_9q1F7NSwLToKfelj1bkPgPeDtFT4XuuiPLoX4kbIGlrum2w6-rWwBjjjqauMUk2w7lw-cq8kMNEVN1a&xkcb=SoB267M34d8qQ9SNgB0BbzkdCdPP&fccid=de6a7f640562b0c1&vjs=3,14Days
European Wax,Assistant Manager,"Bellevue, WA 98006",,https://www.indeed.com/rc/clk?jk=9970e4a5a24e13d9&bb=iU-YZ_nkLYFxQbAYx__K_Tjcmx0Zsihu8slKG2MZqgSqIqwKJuEDoFA_b9QDz3dAcqP4zMTbwA3bEZRmuj_iq6qnKPmezp1Rj4TVI12-vsYUso4xxKyk_d_NFH27Yadw&xkcb=SoDC67M34d8qQ9SNgB0AbzkdCdPP&fccid=ff7e03c5b0c5f71c&vjs=3,14Days
AvalonBay Communities,Maintenance Technician III,"Bellevue, WA 98004",,https://www.indeed.com/rc/clk?jk=454caef2a15ef2a9&bb=aCTrv8VER5_HZAI15o3zwX3VLvBi-pWQGiAa_MKoB5_s9Ev8wvMvBJiLdaJM0liEtbAyX8c7GzLjfhsXVAdtnoMRE3w8wyBWjL6ISuAldKdzT9Tt0vVQSbfDSifm8Eee&xkcb=SoAv67M34d86UJRUKZ0GbzkdCdPP&fccid=5fae468f83f616ed&vjs=3,14Days
Lumber Liquidators,Sales Associate,"Bellevue, WA 98005 
(Belred area)",,https://www.indeed.com/rc/clk?jk=940b92045b13489d&bb=CAIZ47r4pMTxhSb-WXLoANTr6JJZeJixWP6GoCn5yrF-yR93ziUSCMBKY37ZTCSq4CNXNq1jskETHENKj0RLg1IFGO23qlSpg3J7r4gcL6aCYyzMrjZ4iE3bvAPHkl3y&xkcb=SoAv67M34d9r1CyMaB0BbzkdCdPP&fccid=de58ba1cd86512b5&vjs=3,14Days
Eating Recovery Center,Executive Director,"Bellevue, WA 98004",,https://www.indeed.com/rc/clk?jk=c4049b50620afd07&bb=zKUxIZWgHsGqEc5hu_1Iu4cU5wqOSXX_j-RDiga9YXO9n55dkxPZTZn6H5HQsriqBVRLBorREWxngaI4FNQb6EBCHCXlomiYcyTgAOLp0kE9Ch1GUwIbyvxT7dfRT9y4&xkcb=SoC_67M34d-csAwELx0MbzkdCdPP&fccid=c81116e07eb12147&vjs=3,14Days
TeleWorld Solutions Inc,Driver,"Bellevue, WA",,https://www.indeed.com/rc/clk?jk=a571bde8314bf30c&bb=iKqzqVap8rWquwfR_4F0mH4n8Xpbj1_g8sr96AT2MibOuK1pHbbCZDxZIXF453fm8VkDMyls4g-7DTe3kzNUTGCuNIv-7hlexJ4i142WdCF2_203JaanCiESFNNc_w1v&xkcb=SoAJ67M34d--Ufy4Qh0JbzkdCdPP&fccid=0334e5b1bfab6ee6&vjs=3,14Days
PRO Club,Basketball Instructor,"Bellevue, WA 98007",,https://www.indeed.com/rc/clk?jk=3ee6f40b68e3a0e5&bb=yJHcGUDgnwm-2rS9AjtMhr6D2yYGZcOxnH-ZUQHizyLeQdNB1AJQ4n4fhNLTk2UkpgFoxHP56ZqUqqc0H-DJWtr_zURt2e6lzvCu8mkaT8SxPBliIPXfiXct9fKJmVp9&xkcb=SoBf67M34d_fHCST9B0HbzkdCdPP&fccid=34f06d6b38762a98&vjs=3,14Days
AutoScale Ventures,Executive Assistant,"Bellevue, WA",,https://www.indeed.com/rc/clk?jk=e159078d9961c43c&bb=XlnOkHq0lV1MXzBcgBca7oD2SBNFHt_VErD5IsIxRhBxgrlDUrUcOlHzi2Gv8sdjorBuoZQLMXOiYCyE4x0B5vUEreJsJCmovlKwORZCFy4BkIMoOWx9Z22qHazboaK2&xkcb=SoC067M34d_vRrSMch0JbzkdCdPP&fccid=cf9db15eb089a015&vjs=3,14Days
PRO Club,Lifeguard,"Bellevue, WA 98007",,https://www.indeed.com/rc/clk?jk=6d65af24c239a60e&bb=XlnOkHq0lV1MXzBcgBca7lBpbbGop6NKUzLq0O3D0kSlsyKpTznGUPxUIuPbljPzHuOJPlAsHCqQA8BgZpf6jwRgd9BQuVcGN--fiG1LawQciX5hQV8fUCa4cahB6Lj2&xkcb=SoCn67M34d_vRrSMch0NbzkdCdPP&fccid=34f06d6b38762a98&vjs=3,14Days
Max Mara,Operations Support,"Bellevue, WA 98004",,https://www.indeed.com/rc/clk?jk=0524bfe8d89d251f&bb=Vz1r442FfmplcXaZMJs2x7ww3uKQh9V6eFXPXdz-a1Zf8iBnWbxCa7-cdV8xASQNhxA3OmtnHBGh_DL15se2k3sjhBRSWWtZDb7gEu_BO5Iqj3OnaN_kVA%3D%3D&xkcb=SoDP67M34dwPjSSgAJ0FbzkdCdPP&fccid=8805430a6ace7893&vjs=3,14Days
PACSUN,Sales Associate - Bellevue Square,"Bellevue, WA 98004",,https://www.indeed.com/rc/clk?jk=837ad0f510ece1de&bb=hgJ1R1ZdAS84O9E_mwgXfAwWEw5PKUY9l_yVTpAO9v-uu7kAW7KvldpmvuGkfQLibYT7jNegN7uXbFyWxvZinCTQpc9f74U3IX1SLBcjrAlO3pbpodFDZAJVhgKx82ts&xkcb=SoCo67M34dwSUZSMch0ObzkdCdPP&fccid=e450605a0047f87e&vjs=3,14Days
Bellevue Endodontics,Dental Office Manager,"Bellevue, WA 98004 
(Belred area)",,https://www.indeed.com/rc/clk?jk=d5c958393833a33b&bb=czo9lVKTPOwKbxwYxGQy8oRC-mr8DdJjJkVZRwfdP8row0ah6K092vY_0fa65Y3dR8saa13Y6ttR3dtp_LGbBfm6ojJrCKh1fe5Q4VMfXTZGRD036T48V1DrEawUFpn-&xkcb=SoDi67M34dwjaLQEFR0IbzkdCdPP&fccid=072f90eefabeec6e&vjs=3,14Days
Bellevue Endodontics,Dental Office Manager,"Bellevue, WA 98004 
(Belred area)",,https://www.indeed.com/rc/clk?jk=d5c958393833a33b&bb=Q1J4aL0D2tnX_sORTU7g0spxVrwh6Fjjcug6E4LwHGRTwSC2rTQ83gd0AY9ci8atAvWVGr0lQDgxxqhXogOkP7urZVPlOA9ja_9rAUCgQNudjQbaAI29KbRtaow4AtpT&xkcb=SoCs67M34dxMNLy4Rh0HbzkdCdPP&fccid=072f90eefabeec6e&vjs=3,14Days
PACSUN,Sales Associate - Bellevue Square,"Bellevue, WA 98004",,https://www.indeed.com/rc/clk?jk=837ad0f510ece1de&bb=CurIRvtpeLUOXrTM4BW8k113OKakxgAiuRG5uuKJZTJWcFcHLmPMwQ3AUWgOJ0EL4j7MjXqXDfRfV9d1JcuWvXAiVSxo9HtpH4TMkU3aT1WfpeBoBHasER3ccRds_n_b&xkcb=SoAu67M34dxc2xS4Qh0KbzkdCdPP&fccid=e450605a0047f87e&vjs=3,14Days
PRO Club,Spa & Salon Housekeeping Attendant,"Bellevue, WA 98007",,https://www.indeed.com/rc/clk?jk=2e3b3f554a59f6c2&bb=WvzJOiHyDSZ8crJr-NC1iKkujY26IXH09MZ6Drhu11Mcv3uVaESDSgfYjV2mAD0zzLHuZDWx-4MyPCaA8G2XHGQsdC1Sbvs2GRYzYxqClYdYetWLtFenTa5sOxzgEJdu&xkcb=SoC967M34dxsw2wEFR0KbzkdCdPP&fccid=34f06d6b38762a98&vjs=3,14Days
Pacific Sunwear Stores LLC,Seasonal Digital Specialist,"Bellevue, WA 98004",,https://www.indeed.com/rc/clk?jk=b2dadb521401ccf8&bb=2DsiwU_RMI7KG47tc1WrOgdhq8ValzzEvMe7z_TO1lbX_lhu-nq7QX9oP38SOQAZY8b2neZz36GnS2Y9rvid6HoXqMEtTVQ56_6Uq9FutKf8aL_LM4goIp3fNkwg0HkW&xkcb=SoBG67M34dx80Iy4Rh0NbzkdCdPP&fccid=e450605a0047f87e&vjs=3,14Days
omega solutions inc,Full stack developer Node and React,"Bellevue, WA",,https://www.indeed.com/rc/clk?jk=f3f4fc4916099075&bb=n9ufhYAjWylyb1Z1htGdefotpSdEUhtOViq77W53lISUst5vzBPCnglhs3WPWLXLOKsD32DMMgd7l5gnGCS-Beu8OOqUwVZfsskyPcnxLo2exxhyojxWBDeJUMcakYfe&xkcb=SoAr67M34dyM67SNgB0JbzkdCdPP&fccid=9e399301940ed66e&vjs=3,14Days
PRO Club,Discovery Bay Assistant Teacher,"Bellevue, WA 98007",,https://www.indeed.com/rc/clk?jk=29a3178851c84748&bb=n9ufhYAjWylyb1Z1htGdeRZ5NrzSSHv1GII_98KtHr8bhz0m3cPoPS7I8Y9fktUHT3-EwHuZUATwcMwNyVRC0fJsqgpYfvNGrUhpcmGvT5bLNeOTBCCgcQW51Yq1HYDp&xkcb=SoCM67M34dyM67SNgB0MbzkdCdPP&fccid=34f06d6b38762a98&vjs=3,14Days
PRO Club,Men's Executive Locker Room Attendant,"Bellevue, WA 98007",,https://www.indeed.com/rc/clk?jk=092663823a900257&bb=n9ufhYAjWylyb1Z1htGdeQ9L-MEOlsgVDFntEOp4cdcZrGJaO9gzd38BSrCE8jX27yLK-Rlc7FDDIRXEvnSfxJw1rQ9UjUAHuOHDaMPkERAUAReWMG3NKvB4NIRXG6K3&xkcb=SoDC67M34dyM67SNgB0GbzkdCdPP&fccid=34f06d6b38762a98&vjs=3,14Days
NavitsPartners,USITLSP - Statistical Solutions Architect – Clinical Data,"Bellevue, WA",,https://www.indeed.com/rc/clk?jk=c324f5fef3009854&bb=MLE-CXvTQgm8SXhqM6uZMpGbr5gUr8Vg8x39ocPWSMjyygJkJ33S4kQHZ9o-CsutJFSIfvu1I4WDIQAyS608uuvaluX_3lmEruLEQTulha_hjegEa0sCufRotGp4x_Gq&xkcb=SoD367M34dytMFSNgB0GbzkdCdPP&fccid=6cc1e71c592df29b&vjs=3,14Days
Pacify,Birth Doula,"Bellevue, WA",,https://www.indeed.com/rc/clk?jk=f64a565883ebb6ac&bb=GYBNkyAzYN0jZawHC_VvUix0CTXOnxSamoP22aUod18dqexLVhF2sCTyFqrru1Dwi-Ash1FCwf58WZdPQsTc_v7jLX6XVSWiY-4HEy1TYuvsPHn6IR48792QOtcfUjZi&xkcb=SoCj67M34dy-kCQELx0IbzkdCdPP&fccid=811b8b48ebd3aeb2&vjs=3,14Days
Leica Camera Inc,"Brand Ambassador (Retail Sales Associate) Bellevue, Washington","Bellevue, WA 98004",,https://www.indeed.com/rc/clk?jk=844a6f6a830066f5&bb=GXqRHVyWYOwTrxdmbmRz1_byifrl1N-PSNLBJMeV1yhi_vKLCO0itVzOd1jqrYkBBvsmNK465Ihza2tj-uFwsIdf4m-mSocsn3MGg-EtdSb4LNa0PfHWSVOnPLxZz9E7&xkcb=SoA667M34dzPo0wEFR0GbzkdCdPP&fccid=c801f0c5ddfe1231&vjs=3,14Days
NavitsPartners,NJMH - Registered Nurse (RN) - Progressive Care Unit (PCU),"Bellevue, WA",,https://www.indeed.com/rc/clk?jk=872b9d8d68904029&bb=IVnlPNyO69G3HVdOmFMIL5ZHvDNeEyHwXWuSdOwykr6unqW8-nU6Gf7dIBkJ-LOcUQETwEird2jv6GZYmbIYVHRmpr4y042iXpEI15pWm4wCyXiVnjFWImohRNrUm6Ed&xkcb=SoB467M34dzfpXyMaB0CbzkdCdPP&fccid=6cc1e71c592df29b&vjs=3,14Days
PRO Club,Hair Designer/Color Technician,"Bellevue, WA 98007",,https://www.indeed.com/rc/clk?jk=1a9a19818694238e&bb=IVnlPNyO69G3HVdOmFMIL7l2MSY-PSLuy7lnh1GYc4V7BwGROkDiJ7UXuorqZ5mql2Y_MKxtnhSV0pO3uq4QnU3QTCApix5tDRmfwjpYjq8L8kkM-6YnOMwjS0lmqqt_&xkcb=SoDf67M34dzfpXyMaB0HbzkdCdPP&fccid=34f06d6b38762a98&vjs=3,14Days
Bellevue Endodontics,Dental Assistant,"Bellevue, WA 98004 
(Belred area)",,https://www.indeed.com/rc/clk?jk=3c8da9675f545433&bb=naDTurXLdIL-bc832j-2tlg3YQqtPD62ihTZ_jQvldrrIdTknFBZUV-OKaBHd7iehXcCmP66EgcSRI2QQhctJt005-3INyD6ak8oN4MY1AEIhQjCPnig3j6ezKKmj05R&xkcb=SoAg67M34dz_anS4Rh0JbzkdCdPP&fccid=072f90eefabeec6e&vjs=3,14Days
Domino's Pizza,General Manager,"Bellevue, WA 98008 
(Crossroads area)",,https://www.indeed.com/rc/clk?jk=8e78854ba67dc96d&bb=2IB_F1lTaHx1ht0e40bprq_WAIb7tin00ykTub00dRwynemQQr66oBivCm44kNW4kSr-_l49kJ0NvyikRYVFhSMRTuP34QKrVBXQKRRzFY_REk79-FNIe2C4puN-a8b6&xkcb=SoAO67M34d0POpy4Qh0LbzkdCdPP&fccid=788a7fd79eec1d60&vjs=3,14Days
"SFS, Inc.",Retail Merchandiser,"Bellevue, WA 98007",,https://www.indeed.com/rc/clk?jk=bcf1b18497446fac&bb=2IB_F1lTaHx1ht0e40bprsLyEPHrHYM0CX_98hDgeDaL_O_cBQBGe98nMTs8wh8azTMCt214swd2AoyxkG4VlpywmWxB-Btchkng8tIj6X-bwZ1RHCOBl57wslf6jpd-&xkcb=SoAd67M34d0POpy4Qh0PbzkdCdPP&fccid=b6d29a8f0c159ca4&vjs=3,14Days
Omega Contractors LLC,Electrical Estimator,"Bellevue, WA 98005",,https://www.indeed.com/rc/clk?jk=2e4ceb76f2aef8bb&bb=2IB_F1lTaHx1ht0e40bprhAXexYT8sJ3SWexrjTlFYoqbfnypkuFsETRnwupXCxod5aFXBKsuSu0be6cpLW7tF87iojjVypfXOYBfqgkTJmwoec2rVE_GaVHBQ7wjMD3&xkcb=SoA067M34d0POpy4Qh0NbzkdCdPP&fccid=457f08a9605f9cb1&vjs=3,14Days
NavitsPartners,Administrative Assistant - AA 24-17647,"Bellevue, WA",,https://www.indeed.com/rc/clk?jk=e383991403d18ee4&bb=9dOMVeteUbDzvbD3As_IW7l126ft7GJHfcq7D118WDNYIXLcERH_2whY-ObRe-9olEzMm3TIioCOkh-R66pnxNAudGxWgdYaPfqRp3-1xq_YT0QY6EpxG8Z12vHXerND&xkcb=SoA767M34d0f2kwEFR0KbzkdCdPP&fccid=6cc1e71c592df29b&vjs=3,14Days
Pacific Sunwear Stores LLC,Part Time Assistant Manager - Bellevue Square,"Bellevue, WA 98004",,https://www.indeed.com/rc/clk?jk=0d5a062bc49393b4&bb=9dOMVeteUbDzvbD3As_IWzBAzghgksarNZnU1qeUrC9D_6uNP1GbHukVywMt8StY4qXW6IT3T_Bh-NF6nVWKQOyiUkotOalMlqsY5vJmIpy7mFnnrcAlxdNn5AXHK5yH&xkcb=SoCc67M34d0f2kwEFR0PbzkdCdPP&fccid=e450605a0047f87e&vjs=3,14Days
NavitsPartners,NJHM - ICU Registered Nurse (RN) - High Acuity Care,"Bellevue, WA",,https://www.indeed.com/rc/clk?jk=c7f432156b1780c0&bb=9dOMVeteUbDzvbD3As_IWznbO3NAt1BS70G-3yCkJxtd1TDHsrDWaEFh3DhS8MxNU3MLjTVMWlHt3EoxJ4mg2_HyxBftmhYJ8UT8aMa3KofUCad3Q5tpPwT5TYPw1RDX&xkcb=SoDo67M34d0f2kwEFR0DbzkdCdPP&fccid=6cc1e71c592df29b&vjs=3,14Days
NavitsPartners,NJHM - Neurology Care RN - Emergency Department,"Bellevue, WA",,https://www.indeed.com/rc/clk?jk=da0b8bdf56228282&bb=9dOMVeteUbDzvbD3As_IWzM5sSlr0JMpMmqJOgiADFZDF10GJzSNBK1m2CFR_YaX0O7LyyrzFK85C2aTimUndip09Ep4MqYkNt1G9DShOYF_g1KNaPIGdyDKukP5NouB&xkcb=SoB167M34d0f2kwEFR0AbzkdCdPP&fccid=6cc1e71c592df29b&vjs=3,14Days
NavitsPartners,NJMH - Registered Nurse (RN) - Medical-Surgical Unit (Med/Surg),"Bellevue, WA",,https://www.indeed.com/rc/clk?jk=e07a04d06dd590b9&bb=9dOMVeteUbDzvbD3As_IWy-S6ZbwZyOM1W5QHAefX4rily-clV4b__UFt0johTx0qglq_1T9MfaThw0F_SDRYcm1mePuh5EOI-0DZj6K3kwIDRFFl48zN3XaWd_4boet&xkcb=SoD767M34d0f2kwEFR0HbzkdCdPP&fccid=6cc1e71c592df29b&vjs=3,14Days
NavitsPartners,Cardiac Catheterization Lab Specialist - CCLS-AHNJ,"Bellevue, WA",,https://www.indeed.com/rc/clk?jk=7c594d61df62d05c&bb=YDX5Mn8kB6RGxDXYuCnohbF_tyRXLQJWjJ6x7pqIWH-i6QGqpypnEgQXHJU-4ePP3ZPXcoTIxzzLpb6U07FUznaIbzmHNrZHjSXAvKevkCW7unreiC3H0NLH-mO37n5d&xkcb=SoBI67M34d0v21wELx0LbzkdCdPP&fccid=6cc1e71c592df29b&vjs=3,14Days
NavitsPartners,AHNJ - Radiologic Interventional Specialist,"Bellevue, WA",,https://www.indeed.com/rc/clk?jk=4ef0bdf645920cd1&bb=YDX5Mn8kB6RGxDXYuCnohVQyzojQHOYrscxRtdkYFH3UPcokRT_pMrh5i0QHLAEWll_slpkSj94YLIFkUblDrXAB88n2FQqRSZ0n616o7HBa7rMZQJXlBRO93kE_YIS2&xkcb=SoD867M34d0v21wELx0KbzkdCdPP&fccid=6cc1e71c592df29b&vjs=3,14Days
NavitsPartners,AHNJ - Mammography Specialist,"Bellevue, WA",,https://www.indeed.com/rc/clk?jk=4fbe08dc219d6285&bb=YDX5Mn8kB6RGxDXYuCnohf1UCyXllYkXfZHHzBy_JPPE672HEST_EFEoisXbPGe6hIWY5E0sFkb_TtYbW2akjIV0ebisxYIc0qO4gUo46yS34jOuVC3N_DjsWzw6AHhT&xkcb=SoBh67M34d0v21wELx0JbzkdCdPP&fccid=6cc1e71c592df29b&vjs=3,14Days
Domino's Pizza,Assistant Manager,"Bellevue, WA 98004 
(Downtown area)",,https://www.indeed.com/rc/clk?jk=ff9929a5f4e4e833&bb=YDX5Mn8kB6RGxDXYuCnoheupG_fk66RxENEvDHe0GbVJLXp2JgQDpmVTvasv7EBFmsZMXuCTIK0jwMY4W7Mxxm0Y_26CzasSJ6eHe-ZAM_SViQ9GJGas3Bz1vnzT2KxG&xkcb=SoDG67M34d0v21wELx0MbzkdCdPP&fccid=788a7fd79eec1d60&vjs=3,14Days
Domino's Pizza,Insider - Cashier,"Bellevue, WA 98004 
(Downtown area)",,https://www.indeed.com/rc/clk?jk=99fedba8f514e7d3&bb=YDX5Mn8kB6RGxDXYuCnohfFvRp3wcZOztb5GZJcUY5mMNctoxpXNoKoROBF8Z0JC610GpLWD1GYIOPF7DZ9LBmUa0-PjRVIO-L8JMZy9O1xB6OJjM6ryBmW0bDq4BBwf&xkcb=SoAv67M34d0v21wELx0DbzkdCdPP&fccid=788a7fd79eec1d60&vjs=3,14Days
NavitsPartners,Cardiology Procedural RN – Cath Lab - CPRNCL-AHNJ,"Bellevue, WA",,https://www.indeed.com/rc/clk?jk=a8ca544bd46a273f&bb=YDX5Mn8kB6RGxDXYuCnohYytEokADsBWPPYji1jdHbmsr02CufQEll7SXGVhhkMEKabGWTzB-aBZrVV0i8nQPQ1ZogrpZGSBINB-dlSmjrtDOmflIkc7OhgZDpeUTslF&xkcb=SoA867M34d0v21wELx0HbzkdCdPP&fccid=6cc1e71c592df29b&vjs=3,14Days
Microsoft,"HR GM Solutions, Customer Experience & Success","Redmond, WA 98052 
(Overlake area)",,https://www.indeed.com/rc/clk?jk=afbc9262532ced47&bb=ZfzQEF5CWtPoZS42Vv_3W3ZntIL1-deYHYRw3bNiVwsUTg9eMnKBNRQ_bRMcUeN5xSYRcNxGs0QDdI8bvfbR9EF7DaLhz0ViJ48hfdQattsadmoT3viE7A%3D%3D&xkcb=SoCF67M34eMSDyAWgz0HbzkdCdPP&fccid=734cb5a01ee60f80&vjs=3,14Days
LatentView Analytics,Data Scientist,"Redmond, WA",,https://www.indeed.com/rc/clk?jk=5ef7d3b20399255e&bb=-ZKOD-J9J6gJTzf_QaxVmu-yjF4VrjVFO6oGIcmBk-JUciAWQGnvMxlCUtB5DbfprHABICeQSV5gjTSN1qFJmW0SGrsqhYeq1p62iuLM7xRuU9cQu2G4kGLkJHKQjnu8&xkcb=SoAZ67M34eMiFuxUIx0NbzkdCdPP&fccid=20a24f005983fed4&vjs=3,14Days
Redcloud Consulting,Physical Security Technology Administrator,"Redmond, WA",,https://www.indeed.com/rc/clk?jk=6ff3058f3a7aefc4&bb=QK3hFaVHSAaZjl19r9-Ajb40aJf5CZWaDhlBDhd3jc4ETKXnXwhEEJxG3DQmx1FHAeHDeolz85ovV3ExoaqJeyw-6XDVomUXLkIuHjM7KQwPk3ETqaTSnXoYLHvMFn9G&xkcb=SoBF67M34eNDF3QEFR0CbzkdCdPP&fccid=885f2b5920d72dca&vjs=3,14Days
AvalonBay Communities,Community Consultant,"Redmond, WA",,https://www.indeed.com/rc/clk?jk=731621efe0db6c89&bb=QK3hFaVHSAaZjl19r9-AjRJTOK5dEStWFqDTFMlJ97kKqLEHiiFZ5ZG_pyDFhbbWMN1PX4NVW5R0Z2jS58BVL8EIhMk_9u4Q_ko8rudO-yrve1tmfHhR_vARzQAWmW93&xkcb=SoDY67M34eNDF3QEFR0BbzkdCdPP&fccid=5fae468f83f616ed&vjs=3,14Days
Bank of America,Relationship Banker,"Redmond, WA 98052 
(Overlake area)",,https://www.indeed.com/rc/clk?jk=ddb14c86dd009d91&bb=QK3hFaVHSAaZjl19r9-AjVnHazGZQyiVhAkjuJpwYRTZpqHpKuXrVke7fGZyYpzkRBiZJ1ZoFG06NKDoZgVm31zBt9ZojlyQpCZ-14Zu5OTiEwGYK2B3bA%3D%3D&xkcb=SoDL67M34eNDF3QEFR0FbzkdCdPP&fccid=5bd99dfa21c8a490&vjs=3,14Days
Ryder,Furniture and Appliance Home Delivery,"Redmond, WA",,https://www.indeed.com/rc/clk?jk=fdc33f99dd6d88ec&bb=AuGAHoKbn9YtY2c9pC_ufVihYOE4LLqimodToUK9GWXq_oOuf983XX9L1gfz8XsdGzV3kQGv7RFkaNCZGHiPLrKnXFX6Gx9lcyaqNmh2bResQmW2-kzL1Q%3D%3D&xkcb=SoAG67M34eOFreyT9B0FbzkdCdPP&fccid=22f3171d623451cc&vjs=3,14Days
Lake Washington School District,Science Teacher - Finn Hill Middle School (1.0 FTE) Leave Replacement 2024-25,"Redmond, WA 98053",,https://www.indeed.com/rc/clk?jk=8dcae5a2bd6f192e&bb=v410xOxBj_ZmkJNo3I86E0EGL5qJtOz_1xOD7lR95Q6L-P4b-GnbGCi7-qp5zjXxt1_9ZbsKccXvpc1x2QGQ6hNOuIIzNq_IGNazLGF2VjECpV0SuBj3hNVfg8ZvegHH&xkcb=SoAc67M34eOVafygAJ0BbzkdCdPP&fccid=ab6ad4f15601391d&vjs=3,14Days
Crash Champions,Collision Center General Manager,"Redmond, WA",,https://www.indeed.com/rc/clk?jk=92243ea19cdb83f1&bb=qFIbyJLjyJ3zh6GxSQdd7Ot1W98pCvnWM1_tFIU-wR7Y0UVdlRFsraWiEOWtYj0h2P0sLxOOETaD5hB5xBPzwqq4Hwi74bIGwJUdD6L-sNI6RN8RfE1G-czbAs5l5_G-&xkcb=SoBx67M34eOlQGSgAJ0HbzkdCdPP&fccid=7f657e150a73d556&vjs=3,14Days
Lake Washington Schools Foundation,Development Associate,"Redmond, WA 98052 
(Downtown area)",,https://www.indeed.com/rc/clk?jk=3a8c3fba6d166e96&bb=WbTJ46Q5bTKhsCoMMkVsh5NiM9wCPxu8YANnml5VGD1QKAlSs0B-AQ-gtQUm3VMeou_c31FUby_iAYr70YS7F3bxOy63JlIoZHJpDepM-4McvwWHnarmU0QUUGZ39-im&xkcb=SoDj67M34ePYBuy4Rh0IbzkdCdPP&fccid=074106cc5b71658c&vjs=3,14Days
Archer,Houseperson,"Redmond, WA 98052 
(Downtown area)",,https://www.indeed.com/rc/clk?jk=942a1e0be45e5fec&bb=WbTJ46Q5bTKhsCoMMkVsh4jXPsW1Lmq56OWEbLVejm7qaagRFonHfXkl-axA1ZvPb0mifd_hSfJ8QZXwWuSRfZ8mjivOl8SSNRelHFv3WcyM6YcDSszQLWqxP3g9AsS6&xkcb=SoBE67M34ePYBuy4Rh0NbzkdCdPP&fccid=aead9b3254b9670d&vjs=3,14Days
Mighty Coders,Code Mentor (Afterschool) - Redmond,"Redmond, WA 98052",,https://www.indeed.com/rc/clk?jk=3ace938c3d8e073c&bb=mhO5nAgEZg4WDUYB5dkzRM_iYpQXJU5CRg5DAYJ8rfJJg6WnMG0LOyQx0N-ZjjfDqixb4L2CpjThj3j9qZy3ra1CvnAVOrNe8IX57GNC-1ZHKSnGIAqFGnQbOi7y710O&xkcb=SoBL67M34ePpC-gWgz0GbzkdCdPP&fccid=f8b379689dc917be&cmp=Mighty-Coders&ti=Tutor&vjs=3,14Days
Lake Washington Schools Foundation,Operations Manager,"Redmond, WA 98052 
(Downtown area)",,https://www.indeed.com/rc/clk?jk=fd0489ea42f22022&bb=5AswNp4s_QQ7T3Ksaul40Pf993QMYuYKwHOpLlsYEospE2LUz9jPkz6IrKWImXkSXwXmuRGzWeFWrPj9rFrus-VV0qQ6tRgk51_7cZBR2Ky-subcStzHQFZjPvwU_DP9&xkcb=SoB867M34eP5B2SMaB0KbzkdCdPP&fccid=074106cc5b71658c&vjs=3,14Days
Ozz Group,Office Manager,"Redmond, WA 98052 
(Rose Hill area)",,https://www.indeed.com/rc/clk?jk=ddae8246fc3b60da&bb=5AswNp4s_QQ7T3Ksaul40PwRj4hOIuTVU05c31OQeK8px5crmzJZawFemqMQttBDcDWDrncUpSMzBPAEcA3TmUwoTyBvOSsoZb6fmbguBOC5p2wT5m7QEeVRKWsziFd_&xkcb=SoBV67M34eP5B2SMaB0IbzkdCdPP&fccid=c2947cb69587d747&vjs=3,14Days
Dairy Queen,Front Counter Crew Member,"Redmond, WA 98052 
(Downtown area)",,https://www.indeed.com/rc/clk?jk=9920f4c041ed3da8&bb=5AswNp4s_QQ7T3Ksaul40KvnsNjlxi69Yn9ujgkcV4Cs-KgoKlAIR7luL9JI9IgN-3Th3ctLdj5YCLTw2i04oGMUaFhpUQ_D28_Otj4MQCMFXAOuVgGY9dt27H2E340Y&xkcb=SoCG67M34eP5B2SMaB0BbzkdCdPP&fccid=999cdc81874b9237&vjs=3,14Days
Big Chicken,FOH Team Member,"Redmond, WA 98052 
(Overlake area)",,https://www.indeed.com/rc/clk?jk=6e8701b9c367a657&bb=Dp5lM9_C2zTWQ-_7-Evui7DHftkUZ8O--HC9hjcZhPijtwyCwOGi9o-P2Mk_iJ0hW1fQPd90zz0uTfnGXTBgK23M2x6f4L8dIjmt2xXquKyH38-KpZeF-TbYlrLxP21D&xkcb=SoDO67M34eAJbzxUKZ0AbzkdCdPP&fccid=5058a6596f7d645b&vjs=3,14Days
Dairy Queen,Kitchen Crew Member,"Redmond, WA 98052 
(Downtown area)",,https://www.indeed.com/rc/clk?jk=eabf8c0063e4389c&bb=rKB_4EnnU8mJlVaIn_1iLMy9M9fA70jCE8MDbWvZ0JlrhNh-j50LHTS5ocB_wVhxmeinC3xM_Cx-vng8T2jdclWoNSL0Uq1_2rfCDFIaCBhX7gYf8X-4831LGFZXqobb&xkcb=SoBk67M34eAaCqygAJ0PbzkdCdPP&fccid=999cdc81874b9237&vjs=3,14Days
"24 Hour Fitness USA, LLC",Club Janitorial Attendant,"Redmond, WA 98052",,https://www.indeed.com/rc/clk?jk=e4326512572c0089&bb=rKB_4EnnU8mJlVaIn_1iLE8BcjzwBLVrFfH1zeeQMbF-nZ0aWUwVzJscWFYvh97RqhPgEk8vOnJh1XvF1IQWMr0Z2cMjeK7t-ZUL_FMOFDOAmQ-_t2q0vw%3D%3D&xkcb=SoA567M34eAaCqygAJ0BbzkdCdPP&fccid=ca5b9be6cd865ff8&vjs=3,14Days
The Glass Guru of Redmond,Customer Service Representative,"Redmond, WA 98052",,https://www.indeed.com/rc/clk?jk=d006c22099569dc7&bb=rKB_4EnnU8mJlVaIn_1iLKE1dSkuhK4S17gALF6U_h1Xj12SfIlVZTEhophHoAHZve9Az1CVyu_19GfCznPNRltXeYIFqyuhtrxNP4S31_-VdcW8NQ1VTLjflO5VWThw&xkcb=SoAa67M34eAaCVSgAJ0KbzkdCdPP&fccid=c99bb1935699de5c&vjs=3,14Days
CycleBar of United Fitness,Cyclebar General Manager- Redmond,"Redmond, WA 98052 
(Downtown area)",,https://www.indeed.com/rc/clk?jk=9052dd3936131893&bb=3SrTIIS4xxpfG_Wk3CagALvGNaTbE2S5EzEJP5mRmHpVzlkhG5gCYNu8lkeooLHO_YH45RPEhPyO464YdPMeLIXycRNqfaJrBcMsZEp33ud54LD7K0vLUc9ydWAz97Jc&xkcb=SoDh67M34eAqcaxUIx0xbzkdCdPP&fccid=3a0511e5afa4c102&vjs=3,14Days
Dairy Queen,General Store Manager,"Redmond, WA 98052 
(Downtown area)",,https://www.indeed.com/rc/clk?jk=d996b3e4a5498d04&bb=i6YnohWrE6QcBdqrQzulC5bM6SWOkD-DsiwGQrhGUxSUY85K6_u4506InUShWF6WZmButbW5mEJ1ruB-vp78NEFG1U66tDHcmMu2aqPx21aJXZVNdhwGT9F6apPNW5VE&xkcb=SoCh67M34eA8YUyMaB0DbzkdCdPP&fccid=999cdc81874b9237&vjs=3,14Days
Dairy Queen,Shift Leader,"Redmond, WA 98052 
(Downtown area)",,https://www.indeed.com/rc/clk?jk=e9b4354a5bc30772&bb=i6YnohWrE6QcBdqrQzulCyrhvXLyMo5fOjS5fiI78v7L5KIqyNf7lL-sV8GJaxQVgEsA0bC08jZWuN-czwBhizijyP6g5Yn2ELG-rCHxyEx0PKqBjcYIxZ8-aytyup0D&xkcb=SoAV67M34eA8YUyMaB0CbzkdCdPP&fccid=999cdc81874b9237&vjs=3,14Days
Big Chicken,Lead Role,"Redmond, WA 98052 
(Overlake area)",,https://www.indeed.com/rc/clk?jk=13ee2b1425d8f0b4&bb=JA-XQ1pRqvjhmVYQYwI0y_QcuH9mb6P5B0zLSQP5Aq8N1W_knESlGCuohaqsFQZNPld5eS2s-AO5vfqQCsskWFV9QEdvAn5BIhM0VC_GdZIhZhKtFTFB-hE9VbCToFxG&xkcb=SoDV67M34eBOFDy4Qh0KbzkdCdPP&fccid=5058a6596f7d645b&vjs=3,14Days
Domino's Pizza,Insider - Cashier,"Redmond, WA 98052 
(Downtown area)",,https://www.indeed.com/rc/clk?jk=5e8f60ce35391627&bb=JA-XQ1pRqvjhmVYQYwI0yxfITpW9HuPRoXJf4hKxoP7Q4QoqiE_nbDWXvIiuqwNIsL7iL3hYE_ka5HcaSgD2kYr2XWhIF1dHFuTibFFUO5lLwyXWu6__fe94KgEUojHR&xkcb=SoBI67M34eBOFDy4Qh0JbzkdCdPP&fccid=788a7fd79eec1d60&vjs=3,14Days
NavitsPartners,Administrative Assistant - AA 24-17647,"Redmond, WA",,https://www.indeed.com/rc/clk?jk=6b074a71d97dadf3&bb=JA-XQ1pRqvjhmVYQYwI0yxD6ooRU9Uvy-Y5-DY1PfkoO8TOOwCjwIXLiGBjAq17k7ZvGPMAXpnhDkVgay6GV9rmsdA4TEssL5qfcWkm1vm2PvLJT1923btvx2o61u-Tn&xkcb=SoDG67M34eBOFDy4Qh0ObzkdCdPP&fccid=6cc1e71c592df29b&vjs=3,14Days
Domino's Pizza,General Manager,"Redmond, WA 98052 
(Downtown area)",,https://www.indeed.com/rc/clk?jk=e2b74e1223ce23dd&bb=JA-XQ1pRqvjhmVYQYwI0yypw8b4qh2Mva6k8m2EdPgTXQsNpsKrtZAj4DOD-c5GK-0aumAqrRSqBsx0C7bgZIiaKmM_pdLWPz032_NDZIcfj3f6pe_sbxq__BFq8A55X&xkcb=SoCh67M34eBOFDy4Qh0GbzkdCdPP&fccid=788a7fd79eec1d60&vjs=3,14Days
Domino's Pizza,Assistant Manager,"Redmond, WA 98052 
(Downtown area)",,https://www.indeed.com/rc/clk?jk=e4062d8d42ae6e2c&bb=HuBm-bzC8bA5S3HB3WzyVvP3Ge5EcwQo5Ox8w5B-Jn5KcRYmvWYFu2NMFIOE5sc7tPc3El3wUvRSI-w0N6bKEbM0JhbxBE4fgtz8fPuvCN_OL6m0zK3EtdrNzoLjRDVZ&xkcb=SoAM67M34eBvG1ygAJ0PbzkdCdPP&fccid=788a7fd79eec1d60&vjs=3,14Days
Renton School District,Custodian III,"Renton, WA 98056",,https://www.indeed.com/rc/clk?jk=60a1787631b3eae7&bb=rqtS-9xwCWU16Fmme9y6UQRIfjLd6MZZPTrqoZjLEscflKW2V_-NHbO_V9igGvjZaAfrfWt_6hlVTlwZz0TFX74Dlpd8C1hFNlc9dYsJJZNSN8BWUCnsuDq6mu0_Q2Xd&xkcb=SoC767M34eBiRzST9B0FbzkdCdPP&fccid=4d61df2f01579e73&vjs=3,14Days
Renton School District,Office-Clinic Assistant,"Renton, WA 98056",,https://www.indeed.com/rc/clk?jk=ad0758e6941dd9bd&bb=Zd3CFFyetkcsfEZAyr2eMn0yYdiPewxXL7kz5UCHkZpfr-RBzGX94cuPtoSxv-KEgr8q6K6QR6DH6aVTFZMdXZ1DUm7gaofQM0CapsA1dpiuKPLkAEK09QcjK4o0f4xV&xkcb=SoCF67M34eBz25xUKZ0GbzkdCdPP&fccid=4d61df2f01579e73&vjs=3,14Days
Caliber Auto Glass,Automotive Mobile Glass Technician,"Renton, WA 98057",,https://www.indeed.com/rc/clk?jk=37cee5ad5618e4b6&bb=1bmAyvuGUwaneGvdC_8j4SXMAJXrlFVQUN4cbC6eDu3nSuu3PkBtuyfUfjRaV5zcPiiNb9KiM7TUl7aXNntEF-cFkO9KLG9fyQ3wMDU7d0Yjs4SAcKV3cYQoRhRQyJKG&xkcb=SoAo67M34eCEKCRUIx0GbzkdCdPP&fccid=9f3f8bf2a23db394&vjs=3,14Days
Ryder,Furniture and Appliance Home Delivery,"Renton, WA",,https://www.indeed.com/rc/clk?jk=55c634466e9d157c&bb=1bmAyvuGUwaneGvdC_8j4ZO9_zBFIjdyQTdVJuWaJZQztbu3Fnu8SEhlNXakDb3MVb1YGtFOI1bHucGUT5M2Iav0j4SyBxB4A0XLpn9Z6lZXc2NPPb8qsw%3D%3D&xkcb=SoC167M34eCEKCRUIx0FbzkdCdPP&fccid=22f3171d623451cc&vjs=3,14Days
Renton School District,Elementary - Teacher,"Renton, WA 98056",,https://www.indeed.com/rc/clk?jk=daff77b5fe98c791&bb=F0bDuYxZM4PU3NlpIQQ49fiGPi5ikb7tvns69AunKGLCZFnLk0mf7e6TSzJ8BTr8-MUp9SmhiC8Uyhhy0P33hdonBGPuQA3Q1njpapFoUju2lMoGdAdExBuOeZn-agFh&xkcb=SoAH67M34eCUMgxUIx0NbzkdCdPP&fccid=4d61df2f01579e73&vjs=3,14Days
Renton School District,School Nurse,"Renton, WA 98056",,https://www.indeed.com/rc/clk?jk=e15a13cfe553cbaa&bb=TwCrZN4fnYAsfB1ClVvvams6CNpbBixr3EFTpU1Mi2bkY2DWHQjPU-I5FFiMDXWtxl4Ac8Q2mkfd039SaPRe5QkpTdQ6RT0qu62tzu20PLx4oxn7UHT36Hzp46J7Pc-Y&xkcb=SoBz67M34eCkZayNgB0LbzkdCdPP&fccid=4d61df2f01579e73&vjs=3,14Days
Banfield Pet Hospital,Client Service Coordinator - 001276,"Renton, WA 98057",,https://www.indeed.com/rc/clk?jk=5a52a3a902b0b05d&bb=UfvXB6tm5YigkTs_FR6rkXOCHiM1LprAtBVZOANhPB1DEr-RnxjD9uMtzAjpMGeGVDwHdTsURSPC7ZxjIttXhhemcy0fVEKOb6nccRH0gn0svphnpwRWqQ%3D%3D&xkcb=SoDT67M34eC1CEy4Rh0LbzkdCdPP&fccid=f264d6e753f3f414&vjs=3,14Days
Renton School District,Paraeducator - Special Education Emotional Behavioral Disorders,"Renton, WA 98056",,https://www.indeed.com/rc/clk?jk=2cab2c9f9d0acd34&bb=UfvXB6tm5YigkTs_FR6rkU53Z2rrA5jq1FsZJRa215XRBeKZ6gZhIyPmF84BIbA6wEDL--pnenwx6pLQWu1pR_5zXdy1elgcf9o0iCjiVX7bmOrSkqQy_cC15oGa5sqS&xkcb=SoDp67M34eC1CEy4Rh0NbzkdCdPP&fccid=4d61df2f01579e73&vjs=3,14Days
Renton School District,Paraeducator - Special Education Instructional Learning Center 1:1,"Renton, WA 98056",,https://www.indeed.com/rc/clk?jk=f2f46bcf264c36f4&bb=UfvXB6tm5YigkTs_FR6rkXTbQcwzg4f0GnmgbjdVHg2cDE4Vr25lf862Hmelq9ZAFmhrWxizo6zgxNOMgfKi0jF-qS7y2y0vP7GeDaxCL2fDTIaPidN8v6Id-z_Y5Ngf&xkcb=SoC067M34eC1CEy4Rh0DbzkdCdPP&fccid=4d61df2f01579e73&vjs=3,14Days
Banfield Pet Hospital,Veterinary Assistant - 001276,"Renton, WA 98057",,https://www.indeed.com/rc/clk?jk=b243487dc51747bb&bb=eqlxnekXzybT618B4Fa2t-sq8zx2Iy7cwgEPmoWh3SMfhJZpdPVt1jgXgWjs_U7ds_OshECh7QegPpmOZJZrAHIg5GA6g4ldyECDHPe4cj5WNK5LFkwd1A%3D%3D&xkcb=SoB467M34eDFHnRUKZ0NbzkdCdPP&fccid=f264d6e753f3f414&vjs=3,14Days
Renton School District,Paraeducator - Special Education Instructional Learning Center,"Renton, WA 98056",,https://www.indeed.com/rc/clk?jk=e7a918e3c98cd628&bb=1vXr8eaJyfCZpwhIN9ImDciTRVhJnYSHAn2IQuQgoH9tNevaDjmTdziQe2rDJ2cNEVjiaNs-rHEvtp8j4UQi8reflLC_mCdcIjj4pmBprrJVHJUljcowHcGv9F-Pw1Y1&xkcb=SoAf67M34eDVboyNgB0KbzkdCdPP&fccid=4d61df2f01579e73&vjs=3,14Days
Renton School District,Paraeducator - Special Education Emotional Behavioral Disorders 1:1,"Renton, WA 98056",,https://www.indeed.com/rc/clk?jk=a3e1192698e94ca8&bb=1vXr8eaJyfCZpwhIN9ImDTQrRKznjj-K47DqL4zXSYxualGm5vtKMUXVJ3W5UdT-NDq2o1lBjBsHUBI7YjTbydDVJrQajZwTsjHdzIoP_iqXmM9oghMfmEuDIGeJNKEX&xkcb=SoCC67M34eDVboyNgB0JbzkdCdPP&fccid=4d61df2f01579e73&vjs=3,14Days
Big Chicken,FOH Team Member,"Renton, WA 98057",,https://www.indeed.com/rc/clk?jk=49fa90ef9ce296d6&bb=x27T17DqV4PbdQlEowjOmfmp5F1wAcIFVKW52r606wsnVEcxHRW0RpizXTbEVWmJquNUt6urJWHii0i-CelaHHgcmyUbC3R_e0lNuyv3NyWQmD_BeXddN1aHakQ_wdTy&xkcb=SoBp67M34eEIZkyMch0LbzkdCdPP&fccid=5058a6596f7d645b&vjs=3,14Days
Smithbros Productions,Volunteer segment producer,"Hybrid work in Renton, WA 98055",,https://www.indeed.com/rc/clk?jk=e0e81370711ee8d3&bb=x27T17DqV4PbdQlEowjOma7nm_uzqKAMkA1qOQT0eemK6ymtUfPNENeSiX5wDjBv7SCbfw3SFMFxDDhamZEz8EapXW7N0BBagrH1zZBzS6WWK5-tlE2WVioVM5114zQx&xkcb=SoBA67M34eEIZkyMch0JbzkdCdPP&fccid=782a69b753dc9937&cmp=Smithbros-Productions&ti=Producer&vjs=3,14Days
Smithbros Productions,Volunteer Writer,"Hybrid work in Renton, WA 98055",,https://www.indeed.com/rc/clk?jk=e006f9304fa35aaf&bb=x27T17DqV4PbdQlEowjOmWgGfCoaDGMqBMu5Xj8k3RHIBpCnfGmC93ZeW0Hram3gaWO9h9dZA21G1srJOIZH_0YswI6l0Vlrjx-pIT7sZJuo__HJv1o2IsMUK76od4pu&xkcb=SoD067M34eEIZkyMch0IbzkdCdPP&fccid=782a69b753dc9937&cmp=Smithbros-Productions&ti=Volunteer&vjs=3,14Days
Big Chicken,Lead Role,"Renton, WA 98057",,https://www.indeed.com/rc/clk?jk=df8937c743bc7b48&bb=Xp11QOHFWjF3dpCz7q-hnnoGT4czcLO6XDQYPC0NWT8tsQcrfm34n60ORGkS1SN6FUPVndBrkpgzNLCZQBcrBL6b88YMd4dJeoRajLH6MBcRREujcBt9cvB3GokeQ-Kp&xkcb=SoBi67M34eEYUqy4Qh0IbzkdCdPP&fccid=5058a6596f7d645b&vjs=3,14Days
Dairy Queen,Front Counter Crew Member,"Renton, WA 98055",,https://www.indeed.com/rc/clk?jk=3e0e6e7ca4ba4758&bb=Xp11QOHFWjF3dpCz7q-hnuJM8lQi9IHPcNt7a5YuHiKDuIo2cp979reBQCC6uHAa70g9UnYwuu0tjEYg5Vh7RwtSknvWy5cAIMCOdNWz8ZvEJB4782PNAKGAsu7NgIQd&xkcb=SoAs67M34eEYUqy4Qh0CbzkdCdPP&fccid=999cdc81874b9237&vjs=3,14Days
All Ways Caring HomeCare,Caregiver,"Renton, WA 98057",,https://www.indeed.com/rc/clk?jk=d001ae0e4f77808d&bb=Nt7CQWhFx-U3csXpBx8mpdL769xEEFaGShfagO8g3XAM7lNDamzl-Oo64aT6-F9S3s7niott9RsXBPLJkl_8wVuYqfXTEBy4IVnRFcO_EZHi5wc7cAJZSTVKei5XFCRD&xkcb=SoAQ67M34eE4QwST9B0KbzkdCdPP&fccid=350e9c3a327f714c&vjs=3,14Days
Dairy Queen,Kitchen Crew Member,"Renton, WA 98055",,https://www.indeed.com/rc/clk?jk=18116cbc3adc95af&bb=Nt7CQWhFx-U3csXpBx8mpaOUJyqK7JZyg0tqVZjTIxG-NvW2Rhe_843K6YK1OMxHgD0KUa-dlnXPXTR9p_rg6NYBQ5ZDu3dZsGKtnQKaxkLcA-YY8KQeaDFvaYOLRBTm&xkcb=SoB367M34eE4QwST9B0CbzkdCdPP&fccid=999cdc81874b9237&vjs=3,14Days
"Graybar Electric Company, Inc.",Zone Service Center Material Handler II,"Renton, WA 98057",,https://www.indeed.com/rc/clk?jk=4f5b019e7ea17737&bb=dBhKbYZ5dlQpmAO-CUwuUT0Zd9vwQVEMTmXAQRkubSPgZFhawATUCSlgt4GaG6TSMwpRJxX2-k1DiOtJ6DUE2d8sNTgTGTqLq27huaGUfrniYr3Cv23VVWKjOJvh1xVL&xkcb=SoDq67M34eFIG4xUKZ0MbzkdCdPP&fccid=c6d7ed75a781f018&vjs=3,14Days
BrightView Landscapes,Account Manager,"Renton, WA 98057",,https://www.indeed.com/rc/clk?jk=e0afe966b20856f1&bb=dBhKbYZ5dlQpmAO-CUwuUT0Zd9vwQVEMmfdfjlnjhaw-qCkhviy3cZcySYRulVpEWwT44yWcpkJtE_EaLQEmn8CEIls8bp2jwO9JvumDhlP1V9XNxwd3TK6_igCPJmSg&xkcb=SoAD67M34eFIG4xUKZ0DbzkdCdPP&fccid=4da0f1bebd962ba1&vjs=3,14Days
COC Consulting,On Call Mobile Phlebotomist (Renton),"Renton, WA",,https://www.indeed.com/rc/clk?jk=1fbe73f3d6bbea4b&bb=dBhKbYZ5dlQpmAO-CUwuURn-IawgboWB5HwhfmzEANYSpXJdVTuy8BBeHeGfLnoWlMRi3Zsf8L6tCouGOayz3-X52FcipnplvC2xPavjLorVJjYgffM3fmmyLBdrEP00&xkcb=SoAq67M34eFIG4xUKZ0BbzkdCdPP&fccid=36c05aaf7fa81588&vjs=3,14Days
Jet City Harley-Davidson,Service Technician,"Renton, WA",,https://www.indeed.com/rc/clk?jk=82609efef3675dce&bb=maPhqKVuM_TyV1UJFdi5toxKue_OBi3k65odX_e3iDNtO78psNh5udogvVTBCMlqCYV3seB_lHOMscJ6F6o-uuGTZy5CFOGzBatjWGTL4HVhMBexP1nRZUpqpAmtZ9L4&xkcb=SoAO67M34eFYIxy4Rh0BbzkdCdPP&fccid=1196e0d3de045958&vjs=3,14Days
Heart'n Soul Hospice,Hospice Business Development - Sales,"Renton, WA",,https://www.indeed.com/rc/clk?jk=57c2af93270ed7e1&bb=1fg07EQviuNwI1HPYkCFauEOe29ErSxry2a0Penovhd-fMkONl9NtYUfLdoSmeT1bY8txf9fKPUrdsGwi5cFS4YWAPjKNNtjoXcyaGSPbT8CYzLBstOz0HKTlPgra4S6&xkcb=SoAW67M34eFn2cy4Qh0MbzkdCdPP&fccid=a79d19db638a9f46&vjs=3,14Days
BrightView Landscapes,Enhancement Manager,"Renton, WA 98057",,https://www.indeed.com/rc/clk?jk=0e3eb8bc92180a02&bb=1fg07EQviuNwI1HPYkCFau8pPblnXZq6ssxsR6206kW45d8aw-w8ETjCjPm5xciXsx1RXNqdWORf6pPkp1FOKvPyLQCxjC8jzHdYTOiexfx09T_HhrDsi87E9KIhgP3U&xkcb=SoBL67M34eFn2cy4Qh0CbzkdCdPP&fccid=4da0f1bebd962ba1&vjs=3,14Days
The Provider Finder,Nurse Practitioner,"Renton, WA",,https://www.indeed.com/rc/clk?jk=fa315c51b9022891&bb=97E0nQYSs0QHtXIyydGPTRnpDM4kOoCu6l2ewUJBPeS1pDtzE_dlx5BFdNn2Bx32lteShk-0Q7ak8uplf0vkz_iQ3spZ14q1pfKAXs581JGXJBCeq7cdqPUAPf06PQ4p&xkcb=SoC267M34eF4_LygAJ0IbzkdCdPP&fccid=dd616958bd9ddc12&vjs=3,14Days
Domino's Franchise,Delivery Driver(07162) - 17160 116th Ave Se,"Renton, WA 98058 
(Cascade area)",,https://www.indeed.com/rc/clk?jk=5d36a2848f7e86e0&bb=reIJ5csljW82ClleYhKXEPyCEYpBudVV3DjtMnllHqvj-qAWX967eLy0xtJ9ZOEnIY-HZAUcAxjmUl779xA5ReK_SraIoydU3fIwDcrX_kstEdkr9HEyzMRbzflHh7z6&xkcb=SoAF67M34eGIj3y4Qh0MbzkdCdPP&fccid=788a7fd79eec1d60&vjs=3,14Days
General Parts Group,Service Technician Apprentice- ALL TRAINING PAID!,"Renton, WA",,https://www.indeed.com/rc/clk?jk=aabcffa07aa0f07c&bb=reIJ5csljW82ClleYhKXEIXxilGIB2INUziBrcjkmypeLsw_RfiMjO05-PCI1VsBb3_HPOZBzXBNmYGcbxMk5jerMu2fwk-cOFqYCfwkZ7aUfgEpmxu15Iv_WkVbaA9K&xkcb=SoDW67M34eGIj3y4Qh0FbzkdCdPP&fccid=b22ffcb9e8b61840&vjs=3,14Days
Dairy Queen,Cake Decorator,"Renton, WA 98055",,https://www.indeed.com/rc/clk?jk=0810a96bcbcb7a75&bb=4L5iosiIOGD7fjmyE0J6kCzl0Zf3Dbz0MkIAQ-hGl-pteTRwSX83_wcY4tkmkGrO0ETayThpAWacbUjlkNDOnoGEbjPM2ZD2opQrFe0a3Kdnb3Z5RTNOnHuWxKH13w7e&xkcb=SoBL67M34eGYrky4Rh0IbzkdCdPP&fccid=999cdc81874b9237&vjs=3,14Days
Subway - 58806-0,Sandwich Artist ®,"Renton, WA 98058",,https://www.indeed.com/rc/clk?jk=0df596dc0e41b5ec&bb=4L5iosiIOGD7fjmyE0J6kM3PSklL17iGH_2MhMR4Es0YvV_Z2_EYCjiseKDAvcK7log2ibz53bLC6YcBOOcmLk5zJX2Cc6eRxYvluIYQ60tBMJUqw0cYGIDSeA-hCoqt&xkcb=SoBY67M34eGYrky4Rh0MbzkdCdPP&fccid=dd616958bd9ddc12&vjs=3,14Days
NavitsPartners,NJHM - NICU Charge Nurse,"Renton, WA",,https://www.indeed.com/rc/clk?jk=4e63d4874ba05731&bb=4L5iosiIOGD7fjmyE0J6kC-V6EDDFgBxbv3-yAaG81K-pG4XWBSRqGpdsKoC3QKg6Xkelvs6extgHoBzWU1SZ2ouGXGFe9WsPSlcHIvhJoswgBLJvgnb58qggUWBWgwR&xkcb=SoAF67M34eGYrky4Rh0CbzkdCdPP&fccid=6cc1e71c592df29b&vjs=3,14Days
NavitsPartners,NJHM - Registered Nurse (RN) - Oncology Surgical Nurse,"Renton, WA",,https://www.indeed.com/rc/clk?jk=ce8b4c445a5c978e&bb=O0CPDKwrs_APIEhDpwj8UNYXl6EaHn5fjjP5EoV3XcntQZo_mcY97aZTW0yIiPpN57S8vGHMpAZU9PIJhyFEPfqvzPzQsKj9L75IZ-8ib4WimNj5JdrDer3fUWAskg2p&xkcb=SoAW67M34eGpTLgWgz0GbzkdCdPP&fccid=6cc1e71c592df29b&vjs=3,14Days
NavitsPartners,NJHM - Registered Nurse (RN) - Telemetry/Medical Unit,"Renton, WA",,https://www.indeed.com/rc/clk?jk=de0ac9675a360235&bb=O0CPDKwrs_APIEhDpwj8UBKoaLFfBW4ZZ9jE05AKmgj1jsT31iP2k6ti1sBeAjue_Z6iC0lpypSONqUqfem9xEqfA0J33wpbehy7NA5baRbjY34HsCWkOcmkM3_bXM2m&xkcb=SoA_67M34eGpTLgWgz0EbzkdCdPP&fccid=6cc1e71c592df29b&vjs=3,14Days
Dairy Queen,Shift Leader,"Renton, WA 98055",,https://www.indeed.com/rc/clk?jk=d1bb871da8c3a64c&bb=ejcN043H2laiFx5y5DRWQHY_OGItyJnMdiLC2eHg-5A0g2v9dhqkJnQdB_oQGrInCqyiEPuFvD7wiYRK6qqlxQrtjYvCfMZ7rGgvQfYPOpA2uMA2L5XomvC4Gi-5eiPz&xkcb=SoAG67M34eG5cVy4Qh0AbzkdCdPP&fccid=999cdc81874b9237&vjs=3,14Days
Domino's Franchise,General Manager (07162) - 17160 116th Ave Se,"Renton, WA 98058 
(Cascade area)",,https://www.indeed.com/rc/clk?jk=e6a53312407da5a5&bb=ejcN043H2laiFx5y5DRWQABxz4iGBMVCs7l-3zHv5o4jq-j1UMeoCAEq3ZhD89KbAqjtcz7i1SXCPGA3jCsqfKWdtoYLM_8Goefn2pnXBWIsg-ig4UW6JhHqxt-OXBhH&xkcb=SoCI67M34eG5cVy4Qh0HbzkdCdPP&fccid=788a7fd79eec1d60&vjs=3,14Days
Kent School District,Football Head Coach,"Kent, WA",,https://www.indeed.com/rc/clk?jk=0b62acb24652763d&bb=20-qdgEI3AJ_hwClB1ejZseMaaRWMtId6amHOLEDeFpzDZqfMx94WOimPLSn22rPTMW1LDZIW_IgI8Bui6YszS_PT-nC3IbmYlzO68uy12rUEob6lvLufvseUaMiys85&xkcb=SoAZ67M34eHEt2ygAJ0KbzkdCdPP&fccid=3dffebf827717d96&vjs=3,14Days
Ralph Lauren,SALES ASSOCIATE,"Kent, WA",,https://www.indeed.com/rc/clk?jk=e8568561b0d4f409&bb=20-qdgEI3AJ_hwClB1ejZoBQ8sO-j_eTMARPhu7FSzi_KC9Bs0JRcNai7p2IhzyEyBvHMnwSdoP34dOKPP45VZp1uw5LLgICovI7jyzr_0ADVNj7x_UNJw%3D%3D&xkcb=SoB-67M34eHEt2ygAJ0CbzkdCdPP&fccid=535de7c767791408&vjs=3,14Days
Kent School District,Behavior Interventionist,"Kent, WA",,https://www.indeed.com/rc/clk?jk=2de159dd91d81fc1&bb=43tCsnbIYHFCrBDhMYIEg30QA5dmDCryOxcQ6JJ_qwtBpnsCnmIEBZZnV3wa2XOlPoP2sPgS_qI_07BRT45DmP4teontKM5Mz83cqDY_ST5DejynI0PSww8vJtp9-oJP&xkcb=SoBN67M34eHmaIyT9B0PbzkdCdPP&fccid=3dffebf827717d96&vjs=3,14Days
Kent School District,Teacher - Spanish (Leave Replacement),"Kent, WA 98030",,https://www.indeed.com/rc/clk?jk=afa043abd42ccde3&bb=43tCsnbIYHFCrBDhMYIEg6WqTjX3SBrAMVuAoM_eHWDdwrfaYz21-7TtvdHrpq8_SXmx6r7mEpg5YdMdXX9xbiWVKXB9rpkzzSCdyctxJ05v2o85uIM2SxWELmauUe4p&xkcb=SoC367M34eHmaIyT9B0EbzkdCdPP&fccid=3dffebf827717d96&vjs=3,14Days
Vector Talent Solutions,Director Of Customer Support,"Remote in Kent, WA 98032",,https://www.indeed.com/rc/clk?jk=6e426cfc1eae20cd&bb=43tCsnbIYHFCrBDhMYIEg3SnFJJkvYEEdLlgnA9ioACfElgOTvrh6ZksbQ0RiM_6TJcDN8ubCH54lH5gvjEwYg18GyH-9YdTYsep_VV1e7RLnrjXL_hNYwDuJTXbfASE&xkcb=SoCQ67M34eHmaIyT9B0bbzkdCdPP&fccid=3503aeb2dd0c7fbf&vjs=3,14Days
Kent School District,Assistant Coach - HS Track Jumps,"Kent, WA",,https://www.indeed.com/rc/clk?jk=4d864018cb61fc07&bb=z2dGMPZXcUbHoK6I8Z4QjDup9cvyD6SzGeg63PzqmCECZ6tdGRI-FOPIg1efbrDTrvZkG9LnWpR904N7BfT7PSM-BJPX9-8ij_eJDpqKPNiDtlXyxq5FZQe8ub7TNV8N&xkcb=SoAj67M34eH3eVSMaB0LbzkdCdPP&fccid=3dffebf827717d96&vjs=3,14Days
Great Floors LLC,Warehouse Staff,"Kent, WA 98031",,https://www.indeed.com/rc/clk?jk=86adea2ec13b7cb9&bb=v-OWL-D9Jq-OGEQBdx2Oumoy6Vah3KanQ2PfZSu-C9ssZyP-92e2OPdyf0GYVc36BYy2lfjOHZ6vE2ppzzj8hK0bJcG7NwIHAOOlWAKDL855O4yk_Fl6gkj8_n3C0ifC&xkcb=SoAp67M34eYHswy4Rh0NbzkdCdPP&fccid=1662a28cccbb369c&vjs=3,14Days
Kent School District,Payroll Specialist,"Kent, WA",,https://www.indeed.com/rc/clk?jk=ac669610d1cd849b&bb=v-OWL-D9Jq-OGEQBdx2Oul_-EPDqM8OaR6FrXkRklksP7QfYlZu40CF4N-3PG6MPiDOoTuKExqVQLI_d4xNPV0GsKRBZG02mWpAoK0qVyOxwOrVtnHJ0JbaN9dwu9L8s&xkcb=SoCd67M34eYHswy4Rh0MbzkdCdPP&fccid=3dffebf827717d96&vjs=3,14Days
Kent School District,SpED Paraeducator - Support Center (SC),"Kent, WA",,https://www.indeed.com/rc/clk?jk=6dc657f09d90af70&bb=v-OWL-D9Jq-OGEQBdx2OukztCjCvobhOscwvskWBovZe7J3U2c_avS1hRJM2mOeHlcKqt-fXlpjGDvxsaa9qLmMw0XuoTvVdJUc74f4GT5cnG96tZnXhXrw7sVRqW8pg&xkcb=SoDp67M34eYHswy4Rh0AbzkdCdPP&fccid=3dffebf827717d96&vjs=3,14Days
Kent School District,"Teacher, Multilingual Education (MLE)","Kent, WA 98030",,https://www.indeed.com/rc/clk?jk=04032e5843d63fdc&bb=A97wW1PcSlCU8coaU_CuFC0Xqxnp_9NF9SwvmGzrfiBZR3RlKOnWxdHRPePMrYPqTr2NYbUGhfESnbYUSA8Fm7b2m80q5yeVmJZ2p9FWGscIgOJODtdunc0w0ZvtiIA5&xkcb=SoDZ67M34eYX5gy4Qh0LbzkdCdPP&fccid=3dffebf827717d96&vjs=3,14Days
Ryder,Furniture and Appliance Home Delivery,"Kent, WA 98032",,https://www.indeed.com/rc/clk?jk=a3415e775e87da1d&bb=A97wW1PcSlCU8coaU_CuFK1MjHTfV1W8JpupHSb6Cy7SPQMh8BE5sjBDYxZfbG0KOxweMSF1d3wSANal3pPKvTGyMUVSX3ZWnJWYxWcuEJAyEiofegRpGg%3D%3D&xkcb=SoDw67M34eYX5gy4Qh0JbzkdCdPP&fccid=22f3171d623451cc&vjs=3,14Days
Kent School District,Head Girls Soccer Coach,"Kent, WA",,https://www.indeed.com/rc/clk?jk=9ac9eef9ec3a25a1&bb=A97wW1PcSlCU8coaU_CuFCROtGzrXj0SOIgw3V5UwBUTgnt9SrqCv9kp5iHO3-U_oW9WjCr6GpiVggR1bm2kWJwfaT0d1h3efsskfYxtcdVXhk8kidEH0XAILWJ7Rvb4&xkcb=SoB-67M34eYX5gy4Qh0ObzkdCdPP&fccid=3dffebf827717d96&vjs=3,14Days
Arjo,"Rental Operations Supervisor - Kent, WA","Kent, WA 98032",,https://www.indeed.com/rc/clk?jk=f2d557a26ec86462&bb=unx_MFPpZiVFrrSlxpWWWqdndGETvkb9TOxuVRY9qVeCb3rUtSRVNk49HdoBfRcJAGA_9pAC6Stxsau1b_PKQ2p8GLG-9n56IOsmviyoRL1menOdmd-iPalFnJYPVtdg&xkcb=SoC667M34eYo8EyT9B0XbzkdCdPP&fccid=2bfa8eae4de8382a&vjs=3,14Days
MasTec Inc,Warehouse Coordinator,"Kent, WA 98032",,https://www.indeed.com/rc/clk?jk=e3a75b024c5d1112&bb=ivWZzaObWaCT0MUKnm8eX18IrHntJLjsgMgWD0PP27qPAVvNNPtcmWA69E6sV3AjRKuLEvah1EMRNfVIkB1OmQbkF2gYoSrHAgl1uwqmu4mPvXfjLT1gstw-Lyd9rGlH&xkcb=SoD867M34eY5J0wELx0KbzkdCdPP&fccid=c23b4c79b853e544&vjs=3,14Days
Kent School District,Teacher - Secondary Science,"Kent, WA",,https://www.indeed.com/rc/clk?jk=151cddf07b29de74&bb=ivWZzaObWaCT0MUKnm8eX02ym5TVSWgQKpOg3fbr-dY_UVcOHPx7HWdLW-u-nBZbauNjHnOr87Kvaeq4yHc0mh7MMfFfFZGgPpoJLVvwsMPpakFBMj59AuwJ-o5dRLUa&xkcb=SoBy67M34eY5J0wELx0NbzkdCdPP&fccid=3dffebf827717d96&vjs=3,14Days
Kent School District,Assistant Girls Volleyball Coach (0.5 FTE),"Kent, WA",,https://www.indeed.com/rc/clk?jk=3d83c845889be4bc&bb=ivWZzaObWaCT0MUKnm8eX_zeY05WY_fagqPPQ6vzC2u_J91zzef973eQooIsjcnFIGnmydMb153Ae4QrcBHVyEZWQ3s7x15IeFUeMAbXSYdINUs6rYKAZqh1tmM1-oJo&xkcb=SoCb67M34eY5J0wELx0CbzkdCdPP&fccid=3dffebf827717d96&vjs=3,14Days
Kent School District,Softball Head Coach - Leave Replacement (LR),"Kent, WA",,https://www.indeed.com/rc/clk?jk=3c74242f5a9b52a2&bb=ivWZzaObWaCT0MUKnm8eX8XW993Rjnyg_87DBXEtzqNABTnB9onDzr3XiedwkI4jkuCx6DKVmNglV4N44CKTL-z28tM-Gm1rMMY36k587joJHh-Iy4gf2oCAKJyJvW0R&xkcb=SoCy67M34eY5J0wELx0AbzkdCdPP&fccid=3dffebf827717d96&vjs=3,14Days
Equipment Depot Inc.,ACCOUNT MANAGER MHP,"Kent, WA 98032",,https://www.indeed.com/rc/clk?jk=423e3a9cb929a0ff&bb=ERY0KByhcFTGjE7l2i18x38faxJ5GLon3gAfZ0AK7lG-gOzfUmLVG7rHCZ-z5kwvUsJQYBuZNgp3RAdPBJVf3tn9JlYi76uxKI1Pgzjr6vt1id1zEjfAgnoa1b54wesh&xkcb=SoCB67M34eZJIjQEFR0ObzkdCdPP&fccid=cecb9e0275c1e349&vjs=3,14Days
Bowen Scarff Ford,Auto Parts Delivery Driver,"Kent, WA 98032",,https://www.indeed.com/rc/clk?jk=76f91560bd803bf9&bb=UfdUfUiR63wZ9O5vi7YkUg-_PYHxsTJSSu-xgBj98mKzSobHiWerYnJMCgdMFEGELRzstLi2N5hPKBmo4_DLQmOjoEVAOL49u6v1jWrCfRrs9YBx1G2rNDpYjXxkUO6w&xkcb=SoDE67M34eZ-JwS4Rh0IbzkdCdPP&fccid=4eb2e2543c464834&vjs=3,14Days
Plastic Express,Warehouse Associate,"Kent, WA 98032",,https://www.indeed.com/rc/clk?jk=ac30c3882c6ec40e&bb=UfdUfUiR63wZ9O5vi7YkUvDNiT9Sr6qASFq4AysBuMQBbeMTt32U4d_8mxIOxdrIJRpNlXm_NbwlJDgm5vS_hsg9CCdnIjcgPQg1Pzo5zvBjm5MetJ5lOsthfIZV--0o&xkcb=SoBj67M34eZ-JwS4Rh0NbzkdCdPP&fccid=590f1750ae2bdbed&vjs=3,14Days
Dairy Queen,Front Counter Crew Member,"Kent, WA 98030",,https://www.indeed.com/rc/clk?jk=f13686eb3613b323&bb=UfdUfUiR63wZ9O5vi7YkUuuUk_25CQBhYP3S0uS67S1RaiikkZqpdQUFAPQPWnVpqDkh8uW_BkMBmiPWSHRWcTz18vGl7wZ3Ipv1DuTMmxlhaewfpaOqTSrFShJTZGip&xkcb=SoDX67M34eZ-JwS4Rh0MbzkdCdPP&fccid=999cdc81874b9237&vjs=3,14Days
MasTec Communications Group,Warehouse Coordinator,"Kent, WA 98032",,https://www.indeed.com/rc/clk?jk=b61afeacdd68cc8b&bb=UfdUfUiR63wZ9O5vi7YkUohc8YCYebQ4bb5QIpOqvHr2HwIDwx5kZ2d0MKIn1a3n1CfUM1yrj8TMqwZ7uH5kaBA10B8-koVQ81PXjGwwYEVnjYtuH-cV3z3rruUPM2wa&xkcb=SoAt67M34eZ-JwS4Rh0HbzkdCdPP&fccid=848e50795c5da9b5&vjs=3,14Days
Dairy Queen,Kitchen Crew Member,"Kent, WA 98030",,https://www.indeed.com/rc/clk?jk=43af70f1d808c875&bb=stCXNC6ocqAXwq74av_nrtTpFIWmfhKM3zdCKBQLdwkLK1fW5OqRaSn7JUib7LSBfFdxdeOFUFSW_bIEIno5rZT9dcJHN9wSs-p-iiCnD_Jyr-hnIXLJfiQFxHCQ1IlD&xkcb=SoDQ67M34eahd3S4Qh0JbzkdCdPP&fccid=999cdc81874b9237&vjs=3,14Days
Cenveo Worldwide Limited,Inventory/Accounting Clerk,"Kent, WA 98032",,https://www.indeed.com/rc/clk?jk=72bd450c3ccd17de&bb=zj3WQH1UjiN6j2SHKT9F2X6zLlV86MXNDXjTaTWlQUD6y2kxONJaDhx3UEl0ZxGnaHM3y0e2ljyzBreS8j3RbpymZ7axixhJi87qqQTlgRsVQf3ouSPvG06P-bVQJT2e&xkcb=SoAp67M34eaxS3RUKZ0CbzkdCdPP&fccid=356f51c186cb40c2&vjs=3,14Days
Plastic Express,Customer Success Representative,"Kent, WA 98031",,https://www.indeed.com/rc/clk?jk=fe7f081f177fdcbf&bb=zj3WQH1UjiN6j2SHKT9F2SweazwVHEnJIM2GXvG3wx3ZutDjkWdtddc34Cjz-A3F3maQA0m0WoP378jmtDbTftEu197CZzeUu5eR47uc5ov9ZWOjj54lVcrHeyv8E_00&xkcb=SoC067M34eaxS3RUKZ0BbzkdCdPP&fccid=590f1750ae2bdbed&vjs=3,14Days
Habit Burger Grill - Kent,Kitchen Crew Member,"Kent, WA",,https://www.indeed.com/rc/clk?jk=a480ff9cbcea09d6&bb=DxQh_spemY3F9Zl0forlfOFRAKZmBSFUfLDvCC0Qx0n-7_JwgFd63d57JVipv53QqYXnrCIpom1h03aJyAqruFTw9RzxWoKa91F36m3DGzcVdQeRWt_zkt_xbgKN5SXY&xkcb=SoCA67M34ebBUES4Rh0cbzkdCdPP&fccid=dd616958bd9ddc12&vjs=3,14Days
NavitsPartners,NJMH - Registered Nurse (RN) - Labor & Delivery Recovery Room,"Kent, WA",,https://www.indeed.com/rc/clk?jk=27e5eb8d17e3993c&bb=DxQh_spemY3F9Zl0forlfL0Leq5Cs8xzFhOYhh36PcCRrw5X0YOJHnerTOMQ-Sm308W6x4kEjmX2Xna3qN7bUMJ2KaQ1IzWWKhBvW3ZJb19-xnbvFlByK3pv3-ITRMnv&xkcb=SoBc67M34ebBUES4Rh0rbzkdCdPP&fccid=6cc1e71c592df29b&vjs=3,14Days
Comcentric Inc.,Workday Project Manager,"Kent, WA",,https://www.indeed.com/rc/clk?jk=d6c159f14250b698&bb=DxQh_spemY3F9Zl0forlfNLDEI40QU2slKlkZwdBsWFOghHoKuT6vYWkGH9eHfqr7vDw33fbtH6qqMvPSA7_kQOeAsdHDiJ87jRMab4nn3Cu69IhS8-WdC-zXFfqkMQr&xkcb=SoDB67M34ebBUES4Rh0obzkdCdPP&fccid=c14cd58239fe452f&vjs=3,14Days
Promise Confections,Quality Control Technician,"Kent, WA 98032",,https://www.indeed.com/rc/clk?jk=0a44ef2c2772783c&bb=YX2Opya-mo2ZpnqVQeZ8q74hFOfHpw9RxQ6a_t4AXRk-bk80d7ERBCee-0pduFlLjYxvY5PyMOHXDX3qtkp3YgeZt5ItEPvfAvA02Q1W5iWICvi753hi5rWzMsqD8Pyz&xkcb=SoC_67M34ebRgnyMch0PbzkdCdPP&fccid=dd616958bd9ddc12&vjs=3,14Days
NavitsPartners,USITLSP - Statistical Solutions Architect – Clinical Data,"Kent, WA",,https://www.indeed.com/rc/clk?jk=de95169b30c1479a&bb=YX2Opya-mo2ZpnqVQeZ8q-VRwpGEW_AXmhwPhj8m3up4ZMn0ofiMk76fpHOjR_Xnvz-KprSOl0dTp_djYg__q5a-WjPipXHYLxVmuNvnnmYiQM0eORSxDY-zdDVzxdLR&xkcb=SoAL67M34ebRgnyMch0ObzkdCdPP&fccid=6cc1e71c592df29b&vjs=3,14Days
Bowen Scarff Ford,Service Technician,"Kent, WA 98032",,https://www.indeed.com/rc/clk?jk=e0d729674704a689&bb=YX2Opya-mo2ZpnqVQeZ8q5De6rdTS_02AjWLv2UUsjdCdDTEnaOOtycQig52_8hxfIr7E6aZVSbNQ2AsG10aehbpS2cO4E6CjFm9i2BAMktopYnZ2nkfYsXT3CSHfWly&xkcb=SoDi67M34ebRgnyMch0BbzkdCdPP&fccid=4eb2e2543c464834&vjs=3,14Days
Dairy Queen,Assistant Store Manager,"Kent, WA 98030",,https://www.indeed.com/rc/clk?jk=372710fe279df35a&bb=ezcukAihYFfsSrjs5VcYstbICC-9zlAORq38kxlUi62FJLQSK5TIr4NJU3K_X_YZrO2LYs7a-BogZkeNAQobfOXCTGaLY0qL_VpHpi5fEXhzlo3JCbPrBE4NmNyOfldz&xkcb=SoB_67M34ebirwgWgz0AbzkdCdPP&fccid=999cdc81874b9237&vjs=3,14Days
Dairy Queen,General Store Manager,"Kent, WA 98030",,https://www.indeed.com/rc/clk?jk=102a2c39e238b936&bb=ezcukAihYFfsSrjs5VcYssb43E1k6rOzttDrOCP-IzIe57-shXaMua53me1KuCPdT4wmY1BKQUstWbIsKCOC-n3-OowA6ECN0ZY1ObIY36-E3pIsps7STilFldWNuevT&xkcb=SoDx67M34ebirwgWgz0HbzkdCdPP&fccid=999cdc81874b9237&vjs=3,14Days
Habit Burger Grill - Kent,Front Counter Crew Member,"Kent, WA",,https://www.indeed.com/rc/clk?jk=54a4653bef8dfc07&bb=LvKN6l95j7DbQhxK-l3vqfvks26gmIOsIJeOWZqx1qV0v-5VlHVf53tWIAPtvJIpsxe9urPYyhhe3tXScTQLnp37fanGSzTQZPXJH3MhN3NDd3GmHBFDUbKbMisd2O_e&xkcb=SoDc67M34ebzfiyNgB0FbzkdCdPP&fccid=dd616958bd9ddc12&vjs=3,14Days
Davis Trucking LLC,Class C Driver,"Kent, WA 98032",,https://www.indeed.com/rc/clk?jk=0d5c5639c8ed60a9&bb=PUyY9-ut6BUquk5OO8ZhP3jCwv6b-TzSe7F7dCUT2Y7NG2rx_1_q60wEyKaPHZuuLoxhxgqVF2ShyvKnL5wZbfomk-SIkefkPKlZ5woyy9fAsimqafX7JothKj9poXuG&xkcb=SoBP67M34ecDtby4Qh0CbzkdCdPP&fccid=cf8e728e02fb712c&vjs=3,14Days
NavitsPartners,NJHM - RN - Radiology Sedation Nurse,"Kent, WA",,https://www.indeed.com/rc/clk?jk=55d88fd4ad856d8c&bb=PUyY9-ut6BUquk5OO8ZhP3OJ_mn8ktPv3mPvU_xWPMwjWVsz4y1TnkqzNsseM6W92og9Icea6poiegAhJC9cUccrhJ3P-yQkk7hX3jWWlMYETkTpp_rqnppYt-UqsZ5U&xkcb=SoDS67M34ecDtby4Qh0BbzkdCdPP&fccid=6cc1e71c592df29b&vjs=3,14Days
NavitsPartners,Cardiac Catheterization Lab Specialist - CCLS-AHNJ,"Kent, WA",,https://www.indeed.com/rc/clk?jk=e493e8f589beae1d&bb=PUyY9-ut6BUquk5OO8ZhP5I68MUKmRif90NR-J2_YQkv_ggyGUxbqSoFRLzIciKPj3A6qi4Po9Olo-MY4Vcuj03TORTAOoQEPr52lCYuY9dV5bfNDXHuiveKDmaBQBXY&xkcb=SoDB67M34ecDtby4Qh0FbzkdCdPP&fccid=6cc1e71c592df29b&vjs=3,14Days
NavitsPartners,Cardiology Procedural RN – Cath Lab - CPRNCL-AHNJ,"Kent, WA",,https://www.indeed.com/rc/clk?jk=670ef82a1af622cb&bb=zaZ7rT2FReGZaUe0bYyZOrKB6dX1BQkneCU1p_gfdInN6McuCgulfexh3ELU4zviNfoYbDtMZoyoZ4ZS3kjw5nO2lULNVNEYe3Sy5LrCDVg9wPAPM7MaWT5kmasbUR_O&xkcb=SoCH67M34ecVWFgWgz0LbzkdCdPP&fccid=6cc1e71c592df29b&vjs=3,14Days
Dairy Queen,Shift Leader,"Kent, WA 98030",,https://www.indeed.com/rc/clk?jk=1f978a3f46aaa545&bb=zaZ7rT2FReGZaUe0bYyZOgWh37hX5Jgbp7GzJ6NVYy2Zhds1-FdRtBGM2kXsSRAIB2rZ_HylamYfmEMF3pptKfI_RT6t9y3yadvqi-GP1hMyLlrs20dimReg4Ex8VmUE&xkcb=SoAg67M34ecVWFgWgz0ObzkdCdPP&fccid=999cdc81874b9237&vjs=3,14Days
NavitsPartners,NJHM - Registered Nurse (RN) - Acute Care Telemetry,"Kent, WA",,https://www.indeed.com/rc/clk?jk=200b7bd5ad89cd0c&bb=zaZ7rT2FReGZaUe0bYyZOgCytxtZZXfmRC_yVkdGqgasvik0qnWN1S7tNfvYt4ftasO7Pu6ByKRsxbWBVpAoGGHrNNufGypAhLg4gz4v3cXM4d1yjkFDAe6E-J0m8bAa&xkcb=SoB967M34ecVWFgWgz0AbzkdCdPP&fccid=6cc1e71c592df29b&vjs=3,14Days
Guidepost Montessori,Hiring Substitute Teacher,"Kent, WA",,https://www.indeed.com/rc/clk?jk=f522955b0b5fb5f7&bb=zaZ7rT2FReGZaUe0bYyZOleOsFCsLleWLwKjFbjhdhsw5as-7yE5JDvIprbWFG-a9iwU93jq-NeD0uFfALsLcD41UfKyMIjRsI9JqBajWcVJwVQ6_uLIk_xZdzUaCS7M&xkcb=SoDz67M34ecVWFgWgz0HbzkdCdPP&fccid=d22ec7b14a1c405f&vjs=3,14Days
NavitsPartners,AHNJ - Radiologic Interventional Specialist,"Kent, WA",,https://www.indeed.com/rc/clk?jk=5cbfa809f6532c8e&bb=nSbaMLwQFulkyr7ad--f0TcPpBXTRFwzxputIDfEzdp5MvPr_QQ9QVEwNczH2ZFkCyv1262FG-X9nDvtS24RtIgaU-fcoh2nDjcXCzDtk5gXVLEoTBLCyd6dCE6e01uN&xkcb=SoCr67M34ecnSyyT9B0NbzkdCdPP&fccid=6cc1e71c592df29b&vjs=3,14Days
NavitsPartners,AHNJ - Mammography Specialist,"Kent, WA",,https://www.indeed.com/rc/clk?jk=8a388ceb9023e5ac&bb=nSbaMLwQFulkyr7ad--f0V4aTqrz2DzVbDZa7qTlBo72RevDcWlygsgXPlqmQMwR6OoD43KTalidJNfBG3DInxCUmHJDiwqcnOcTd-sR-9MuVuwI-TbtmeyYm_udedxO&xkcb=SoAf67M34ecnSyyT9B0MbzkdCdPP&fccid=6cc1e71c592df29b&vjs=3,14Days
Harrells,Territory Manager - Golf,Washington State,,https://www.indeed.com/rc/clk?jk=d3204b62bc748469&bb=x-0DFKD_OJMKyVSBRB-aismmCElOUukju0IxGl-5Z7Oc0fst98a-ieBL1b3FNJ0Lv5b0nBL0RMtvXpGtE_bxNQCrkd78NJih19uw6CG0SR8Hqt8SWFibWPH6C9HNaWYT&xkcb=SoDG67M34euu5cS4Rh0FbzkdCdPP&fccid=4e08777271f91a23&vjs=3,14Days
Arbor Health,Contract & Accreditation Manager (Full Time),Washington State,,https://www.indeed.com/rc/clk?jk=524a7639b14a334d&bb=FrZ3YiuJIuWqTvYAYoNsGnygvLb2L_bsu2xqhWjoVfR5KqUeKQ22JeG2g1xdvye2CeHOKRvzcB_GR4z47rfFiG-qu1kiuQxLoPqsZvkwhCjwY3PU9EuCeyFDb4lccexa&xkcb=SoAz67M34eu-1gS4Qh0AbzkdCdPP&fccid=8dbc2a37e7ba5442&vjs=3,14Days
Arbor Health,Rehabilitation Service Aide (Full Time),Washington State,,https://www.indeed.com/rc/clk?jk=85fd8ef90c8f12b2&bb=gdko0_FJn14NVLzxFC8M_aDolJ66z4CM2JX0ISWTSlJ8IwuwbdjrIDZjSFFtA4lJAePQ3aBvsSQ1A002i1RQjN_T0hKcgYCeXTGRPq0LuIP0pk0s2IKE9rVXxznS6SmA&xkcb=SoBl67M34evPDlSNgB0JbzkdCdPP&fccid=8dbc2a37e7ba5442&vjs=3,14Days
Commonwealth Bank,Customer Banking Specialist (Part-time) Katanning,Washington State,,https://www.indeed.com/rc/clk?jk=5ca5c22853aae36f&bb=gdko0_FJn14NVLzxFC8M_W0_LOEU3UzHeOt-oT1aSpOhSqa7sPu0bWkziXsiz43JhZ94PUnROk0htnj7DVF6O3310MKtZv_bwbnij-qf51YQlMpL2_x4XQ%3D%3D&xkcb=SoAr67M34evPDlSNgB0DbzkdCdPP&fccid=26f47cce54403a22&vjs=3,14Days
"Harrell's, LLC",Territory Manager - Golf,Washington State,,https://www.indeed.com/rc/clk?jk=afe120e35f5634b5&bb=gdko0_FJn14NVLzxFC8M_TU-Tn2LHCjhc5RT842_naf5Kqp1GxDFL6z5o0O7Efr5kNvKrY5GO1t_HnbU8YeYLm3_BQW7Ep-OsPIt3K-bTzy7awFzl8ibcJixQ9jHaW4b&xkcb=SoC267M34evPDlSNgB0AbzkdCdPP&fccid=4e08777271f91a23&vjs=3,14Days
ASSA ABLOY,Clinical Specialist and User Advocate,Remote in Washington State,,https://www.indeed.com/rc/clk?jk=de5fc0aae06015ee&bb=gdko0_FJn14NVLzxFC8M_Wsul_XUnq_NUdA0s2di-GmYv6y7Qgay1Wp9zR-_cCEoF80ctLrC838ClKOga_DDsYpYz9QiDHmbH7yxu3u4mRhjNvJwZUDSNtL65loNEqVr&xkcb=SoA467M34evPDlSNgB0HbzkdCdPP&fccid=0d8fb5754ea67bc8&vjs=3,14Days
Ryder,Furniture Home Delivery,Washington State,,https://www.indeed.com/rc/clk?jk=43211cd5593e537b&bb=WZ570EsMnMJFxMoLEcf2zmFhPXdZDLJUVxT50f38Cl_KWH7a1gw6DIuu1p8bfjJYENQMdZPTPgBXNYd0HO48BBXHiMM7-yiCmVUt-uI4Q7KXFZCMvB9qug%3D%3D&xkcb=SoCN67M34evfcHSgAJ0CbzkdCdPP&fccid=22f3171d623451cc&vjs=3,14Days
Creative Force,Sales Development Representative,Remote in Washington State,,https://www.indeed.com/rc/clk?jk=fe95427349a2509d&bb=WZ570EsMnMJFxMoLEcf2ziAjKhh0atkL5Utvo2TtlS7FvTSwEyIWggP_8glB8XEDXl4YjbhH8Eo741JhbRYpUkre1jHOz0EoazV5y_Upp3LUdXIy7E73RdrI_eazLpvN&xkcb=SoAQ67M34evfcHSgAJ0BbzkdCdPP&fccid=0dc778984a943e6f&vjs=3,14Days
ETR Residential LLC,Entry-Level Carpenter & All-Around Helper Wanted,"Lewis County, WA",,https://www.indeed.com/rc/clk?jk=dfebe13c0ae761b5&bb=FCRB06PA49V32i7ZTP7IOfEZJZ_xk27oEXr4cB3XyfjP75fWoGEiWxvhTDKc2ykk3kCOd4FxpMNOdPClXZsQkTpgnU-6suG2lwSH90vMHlL49UHVCRPUo_MjvCRsIV3j&xkcb=SoB867M34evvrMwEFR0EbzkdCdPP&fccid=fa859dba8d748140&cmp=ETR-Residential-LLC&ti=Carpenter+Helper&vjs=3,14Days
Prometric,Cosmetology Examiner /Proctor,Washington State,,https://www.indeed.com/rc/clk?jk=f0b67e3d7d9035d6&bb=STBaweP7MiH8ZxLp6n7g1R3YhYFugrnc6B9XRBX6CwpN2Xh1tJ72IVgrJlMMdYbN-0Nkqg35f8yxT4iiDf3iiKZzNIrkK-08_va4nilzLDuvDQOgNhcQrA%3D%3D&xkcb=SoCl67M34ev_oXST9B0AbzkdCdPP&fccid=d5c01d7dc8e8c9b2&vjs=3,14Days
ACV Auctions,Vehicle Condition Inspector,Washington State,,https://www.indeed.com/rc/clk?jk=7a634b1439e86460&bb=STBaweP7MiH8ZxLp6n7g1ShgQWpg2KzDCThP1j1vg2aNrO5LFPNC3NBQ6IRcN-IPT47Qe8crVfFCYZkWUeQ79Luo4habKXJRxggxqS4v8Lyx4wt2Cmes52OcylP2xkRY&xkcb=SoCf67M34ev_oXST9B0GbzkdCdPP&fccid=6867c53ddcaa8459&vjs=3,14Days
Bill of Rights Institute,"Pacific Northwest Manager, Program Partnerships (only candidates living in PNW need apply)",Remote in Washington State,,https://www.indeed.com/rc/clk?jk=a5e8b2859a511174&bb=4NFkEyWYAs6EWLjrb3LFYSuXeCUq6BrjMPw54vuIpBHRZm3Aujm0svdIYIUstp2Cyns3x95bGlTIgiE5OeLYk_ouMvOKk90GuLeePrCyPrjoJgV6Y9H17CmgvhJBsjYuO-ov6oT9tMU%3D&xkcb=SoBA67M34evxEUS4Qh0DbzkdCdPP&fccid=fafd4e2000c119bc&cmp=Bill-of-Rights-Institute&ti=Candidate+Manager&vjs=3,14Days
Rooster Placement,Travel RN Medical-Surgical,Washington State,,https://www.indeed.com/rc/clk?jk=6675e3b78d0ad2bb&bb=Wi4eImlYYujsXffdwLQgbKGUFSv2zLL9gKJNgi4KJat9mhPeOgH11IJ1SB14xc1vIb7DmX5upgqfub7J-4Xg5uPsj9nUX2l4eSzd4nxBy-FtaY9e89kWmKvYrpWCakhv&xkcb=SoCL67M34egCzcSMaB0ObzkdCdPP&fccid=4da011466f75c95f&vjs=3,14Days
FlavorCloud,Product Marketing Manager,Remote in Washington State,,https://www.indeed.com/rc/clk?jk=9ec0a52e18b79b73&bb=eCICezb2RBvbTv_ZE0mIKj7b284_OruL4QVLELROeSeYHCDSlDhAMiLHIGLWrpyHHZ4ueCHS5DKldaD6aTFVqKK76RofN5sP1ZCRvPv1bZ39J2DaVEQKJqIESD-XpDad&xkcb=SoDL67M34egUtaxUKZ0KbzkdCdPP&fccid=798b6d5928301472&vjs=3,14Days
DriveLine Solutions,1844-Flex Driver,Washington State,,https://www.indeed.com/rc/clk?jk=bbecb0ca048ae2a7&bb=eCICezb2RBvbTv_ZE0mIKq4GJ0VSIM2JlQLkkWPdX6fmUA2eOJ1_cFzYYwdQJyxTmr9tDGpu2ZBrY7vOxmZzq3dAqUVa3svYVR2m_M2AE95wY27YFIICzWsu9m2TJGMd&xkcb=SoDi67M34egUtaxUKZ0IbzkdCdPP&fccid=66192a84c040d2dc&vjs=3,14Days
TAM Solutions,Hazmat Driver,Washington State,,https://www.indeed.com/rc/clk?jk=21a1a90df5913e65&bb=FpayOmz0wtZbGD6nY5jvJwcKspsfv6SsJRLUBdnxFKVTNocKe45nE2m0fnx0G6w5iK73f1rLuEA8nn1selaVoqFHpwf7iKoDY8tv0dRe-JXdjhj07PA_xCgRFAGgkNYD&xkcb=SoBY67M34egmfrwELx0MbzkdCdPP&fccid=905e68bf0c64a5a2&cmp=TAM&ti=Driver&vjs=3,14Days
Pacify,Birth Doula,Washington State,,https://www.indeed.com/rc/clk?jk=e137a43c2d219419&bb=y9iDvXdVUHvoHeN8mgtPSAIq_SfUOEuDp3gcUXNgedIaz4GT5wHe3iHwdfeVcnm27vZHMFvZz9l98Pl0Gy2LlBMHo5hPl7ai1ojoIrl6NzYdRx9teEIQRjcjFKm0C9WX&xkcb=SoDd67M34eg4aaSMaB0ObzkdCdPP&fccid=811b8b48ebd3aeb2&vjs=3,14Days
LumaBridge LLC,Clinical Research Associate,Remote in Washington State,,https://www.indeed.com/rc/clk?jk=aea391f39f60c191&bb=y9iDvXdVUHvoHeN8mgtPSMBuy0ngjVmluQiabcz-6yoMPxz-tU95Co69kYmV58Gj-5hNvQwx0ZQCjmohQpSNNww9A9xOZvR1UOP3mUB5q-mqkymsXXZdU2L-1T9DK4ur&xkcb=SoC667M34eg4aaSMaB0GbzkdCdPP&fccid=dd616958bd9ddc12&vjs=3,14Days
SCS Global Services,"Organic Inspector, IOIA & NOP",Washington State,,https://www.indeed.com/rc/clk?jk=a38707d48a31499d&bb=0vS26CcHnKFgRxlMzBNhRHycieI5OZz3GliZWlF7O_A1nV9J2ohLiFX2Wh4bcjCCS_Dx39Lf8w-L8Plqko22_nM98lmCq4Vxn3mTd7CEk1kbFA1ksZSM9HCjTrokeinS&xkcb=SoDe67M34ehL6XQELx0MbzkdCdPP&fccid=b9438ae850d303eb&vjs=3,14Days
Validation & Engineering Group,LL01-100424 Biotech Manufacturing Operator (Drug Substance),Washington State,,https://www.indeed.com/rc/clk?jk=a10336f0f228b538&bb=0vS26CcHnKFgRxlMzBNhRAm6GhcdkVKTa9FDX2k9rlNmpiR2BgiqpZj8CcUoBwqORq-tgcJ8Ejpt-zouRygcSEz9jVfbjPWhvFKGOAyJ8sBrxGK2ieO8FJ78WvQ74I9s&xkcb=SoA367M34ehL6XQELx0DbzkdCdPP&fccid=c3c9aa73aa3fddd2&vjs=3,14Days
"FullShift Staffing, LLC",TRAVEL INFECTION PREVENTION NURSE- RN/LVN,Washington State,,https://www.indeed.com/rc/clk?jk=798f4a66be55de3b&bb=0vS26CcHnKFgRxlMzBNhRHMYS0IhqsVULRET8Cv0tb9_1VitXK1ZGCZ__g9CXyANvXVe_dgIMMAp8jLjanhqzdVfiRbT-tPzbqjLr9pxA9Lr8EcPDhp5wCEsaRHDdT9A&xkcb=SoAe67M34ehL6XQELx0BbzkdCdPP&fccid=e87c2de124051dd2&vjs=3,14Days
Fujifilm,Data Specialist,"Bothell, WA 98021",,https://www.indeed.com/rc/clk?jk=20b068e684aecf4b&bb=PYtpXIurXxiAQwMAvJxj2WRZiXXCBoDEhQd28KFMOAlNEcgPiZfWQ7Nz4d6Wnt60r8EbsFk-wwDF5cUOx32zGdfNjAeFonWIAGSGdS6BjzloDz6MSHIHAsp_uo1D5GpS&xkcb=SoBD67M34emLcES4Rh0LbzkdCdPP&fccid=c4c64c01f4736f1c&vjs=3,14Days
Bertrandt AG,QA Tester,"Bothell, WA",,https://www.indeed.com/rc/clk?jk=39e3f6a4b5779619&bb=PYtpXIurXxiAQwMAvJxj2UZ19cFI0E8B3BqAJGCMCUcxht8LVSKR_zmB1j8wClf52OF8KcAiJ8WTSRy62oB1ocfhO0TxAfNMEM0yGBuijIYXunOly706UPKIJNPkQG40&xkcb=SoD367M34emLcES4Rh0KbzkdCdPP&fccid=3fb298ab9da17c70&vjs=3,14Days
Bertrandt AG,Technical Writer,"Bothell, WA",,https://www.indeed.com/rc/clk?jk=da26649c5fc12efa&bb=AEe83T73UILDRe4ohxitDCZ8SoNmmpjpDvVGadO1eLnHqtWDCS3mML0vuqtPXln6jJFTFIe3dAMHK84wpU3xnHNO_-VTCTB2bcxCJQ06Q3VaUpX1qkOa-SSTgn8jzT0M&xkcb=SoCc67M34emc04AWgz0HbzkdCdPP&fccid=3fb298ab9da17c70&vjs=3,14Days
Bertrandt AG,Certification Program Manager,"Bothell, WA",,https://www.indeed.com/rc/clk?jk=1d760fe12e0c5585&bb=AEe83T73UILDRe4ohxitDNWhyxDrGBdHRPjnlxUcpZf00b54S3CEAakbgy9Wza-sa3ABK8k_EHEbVrPo20RVTZXAocwFB9wOiKbg9s8Hhe8KpVGig9CgK84Gq5FfPsH2&xkcb=SoAo67M34emc04AWgz0GbzkdCdPP&fccid=3fb298ab9da17c70&vjs=3,14Days
European Wax,Assistant Manager,"Bothell, WA 98021",,https://www.indeed.com/rc/clk?jk=a16f194984e14346&bb=OwRArWQmfsYsKyazjqPZgTI6Dnwu4BXX6n0_Bq8DUzDieCw4LAVGRA-NGLF8BPQIJwWnKEN1H3tpnsKwtpBDpPHqdjzOHqhIGvDuyCvw3u37S2Goekav_MD3sdxoD5Tr&xkcb=SoD-67M34emtAixUKZ0CbzkdCdPP&fccid=ff7e03c5b0c5f71c&vjs=3,14Days
Banfield Pet Hospital,Client Service Coordinator - 005165,"Bothell, WA 98021",,https://www.indeed.com/rc/clk?jk=be4747608db63fd5&bb=1iwDv-m4U3ji6Gj6UAK5mOmM93FuAqWKvdqzgGc8DPgCdyU3cgcSUqPvi2FJkauOlgVlWSGl2D7jwGVlADOVjiX2b9U7qvKh-lLuNqQDNwSH021_SoGJMg%3D%3D&xkcb=SoCg67M34em9chyT9B0CbzkdCdPP&fccid=f264d6e753f3f414&vjs=3,14Days
Ryder,Furniture and Appliance Home Delivery,"Bothell, WA",,https://www.indeed.com/rc/clk?jk=504a7a26e99115c2&bb=1iwDv-m4U3ji6Gj6UAK5mNCAyQLFHvpybFio0AEaoHJkGQExq_5mHbQi4srQnQ-rc6zqvHTjCsnHsZwj6h9b6SV1aBFv4vGrrEwVmluyGChcVz7HUpXhcQ%3D%3D&xkcb=SoA967M34em9chyT9B0BbzkdCdPP&fccid=22f3171d623451cc&vjs=3,14Days
Johnson Controls,Channel Account Manager,"Bothell, WA 98021",,https://www.indeed.com/rc/clk?jk=37cc3d5411ffbc7b&bb=ABZHqBNxFbEaC9Xq3UG9UZKUnyi4QDPL0QXVuqcubNFpIkrPv-QlwF8NSnBFIkZKEUVA5KGUwelklQxhhbqTnqcdXuXFD8Jti3mp1iXbdiV574tzTYcS_A%3D%3D&xkcb=SoAT67M34enOQryMaB0JbzkdCdPP&fccid=dacddaa4d49537d8&vjs=3,14Days
Medstar Transportation,Call Center Dispatcher,"Bothell, WA 98011",,https://www.indeed.com/rc/clk?jk=b2f229df5edef3f3&bb=NBWMfKH-0UObVm_evQhHEDHkmW4YnkmH-jjjJRIsZqfXeHJMtHDoAcC_XhjBqN0P0wwsaPGVvLDn3enQ9usOH5sm4_9P8wVZo4u58ZTPRxj_YrnfySVRIbVr9K4Zh5-s&xkcb=SoBn67M34enevayMaB0JbzkdCdPP&fccid=22579b545e8bfe4a&vjs=3,14Days
Dairy Queen,Shift Leader,"Bothell, WA 98012",,https://www.indeed.com/rc/clk?jk=9ddcaea64e486375&bb=Xfiam5jj7KBxvloPCV5MUfTT6HR9ZAxPSrbyASnohOc-vokjPmU8CWBGK58jBpeQpd4rhtorWRTpoPa6JVGhCMYd25jMQFsNr9u9AZM1SuA_0-WAPZHTOYLovDqKHfw9&xkcb=SoCj67M34envjNygAJ0ZbzkdCdPP&fccid=999cdc81874b9237&vjs=3,14Days
"SFS, Inc.",Retail Merchandiser,"Bothell, WA 98021",,https://www.indeed.com/rc/clk?jk=06a70792a9b650aa&bb=4rKY3mG5WXKwWqPw5jvgp_fDD8E6YdZuYik-CA236SisRgbrMhrzXqubz6BywoAOqzslySzVADzyBW2LDEOB_OBxi9XDYqQ2MfWmqIy2DqMo0oSxEUuTE0c0LFqxC66Q&xkcb=SoCS67M34e4A-5SNgB0BbzkdCdPP&fccid=b6d29a8f0c159ca4&vjs=3,14Days
Dairy Queen,Front Counter Crew Member,"Bothell, WA 98012",,https://www.indeed.com/rc/clk?jk=f18e9f8657c9ecb4&bb=x9BqwoOHzV5IuM5MjG9qYHBJVjfdyAIT9XHyOC4FObSbmlaA9p-_0-6-uOCkQwWrb82KdCZ5uzvVcXutQCbsd73ShVKlnZ2vrWa1gxOPdt_0woTsfWGvy5uPDn46LaT1&xkcb=SoBI67M34e4RNpAWgz0NbzkdCdPP&fccid=999cdc81874b9237&vjs=3,14Days
Katalyst Healthcares & Life Sciences,PCB eCAD Designer,"Bothell, WA 98011",,https://www.indeed.com/rc/clk?jk=d74fbec0dc30f6cc&bb=x9BqwoOHzV5IuM5MjG9qYA8moLp6KIoR7yPs5tAeF5OdDrwiSGCJ2gPFK9jF30XVPcOKXqmUdx2NOgb5B4LWuTDZbgGlxFeP6y42mvI1W5vpKfVieO_ELp3ZXUl7NCYR&xkcb=SoCh67M34e4RNpAWgz0CbzkdCdPP&fccid=951ab475814d0147&vjs=3,14Days
BASIS Independent Schools,Early Education Teacher,"Bothell, WA 98021",,https://www.indeed.com/rc/clk?jk=0a8adb8655c65a28&bb=HDZXAfxOJs7FnNnMoJa2J22RUluP854c3LZugC2yu-PFqdu14ouIFGH60_IoZ43dLX8eLqqX2tSEMIVgjMhmlrUnOCaBjRr4L6ufCg1kG6cf65T_h1GeREU-5s6WNROm&xkcb=SoCD67M34e4x-YS4Qh0PbzkdCdPP&fccid=f2f9b8e008fe3228&vjs=3,14Days
