name,phone,email,website,address
StBG Bilanz und Steuer AG,+49 69 606290,info@bistag.com,http://www.bistag.net,"Frankfurt am Main, Hahnstraße, Deutschland"
Ferchland Consulting Partners GmbH Steuerberatungsgesellschaft,+49 341 2537890,support@ferchland-steuerberatung.de,http://www.ferchland-steuerberatung.de,"Leipzig, Jacobstraße, Deutschland"
ABTG Steuerberatungsgesellschaft mbH,+49 30 28391868,eric.witt@abtg.de,http://abtg.berlin,"Berlin, Naugarder Straße, Deutschland"
steuerberatung breckheimer.,+49 2224 3377,info@stb-breckheimer.de,http://www.stb-breckheimer.de,"Bad Honnef, Karlstraße, Deutschland"
Ktm Steuerberatungsgesellschaft mbH,030 700 10900,info@ktm-steuerberatung.de,http://www.ktm-steuerberatung.de,"Berlin, Panoramastraße, Deutschland"
Steuerberatung Maria Wolf,0351 33261600,wolf@stb-dresden.com,http://www.stb-dresden.com,"Dresden, Oskar-Mai-Straße, Deutschland"
Hezel & Partner Steuerberater,+49 7941 91060,info@stb-hezel.de,,"Pfedelbach, Hauptstraße, Deutschland"
Thomas Leinhoß,+49 3693 88170,info@steuerberater-meiningen.com,http://www.steuerberater-meiningen.com,"Meiningen, Neu-Ulmer-Straße, Deutschland"
"ETL Steuerkanzlei Schulte, Schelte & Kollegen GmbH",+49 2902 978400,info@steuerkanzlei-warstein.de,https://www.steuerkanzlei-warstein.de,"Warstein, Hauptstraße, Deutschland"
Herr Steuerberatungsgesellschaft mbH,+49 761 13758700,welcome@herr-stb.de,https://www.herr-stb.de,"Freiburg im Breisgau, Basler Landstraße, Deutschland"
BRECHT & PARTNER Steuerberatungsgesellschaft mbB,+49 5273 3999140,info@brecht-partner.de,http://www.brecht-partner.de,"Beverungen, Grüner Weg, Deutschland"
HDT Hartmann Düvelmeyer Timmermann & Partner Partnerschaftsgesellschaft mbB,+49 5745 92060,levern@hdt-online.de,http://www.hdt-online.de,"Stemwede, Schröttinghauser Straße, Deutschland"
Kanzlei Schwörer,+49 7125 94930,info@stbschwoerer.de,http://www.stbschwoerer.de,"Bad Urach, Lange Straße, Deutschland"
DEVISIA Steuerberatungsgesellschaft mbH,+49 4706 94990,mail@devisia.de,https://www.devisia.de/,"Schiffdorf, Zu den Eichen, Deutschland"
Christopher Nagy,+49 931 32900347,info@stb-nagy.de,http://www.stb-nagy.de,"Würzburg, Kaiserstraße, Deutschland"
Jochem Serrand,+49 9721 388710,mail@steuerbuero-jochem-serrand.de,https://www.steuerbuero-jochem-serrand.de/,"Schweinfurt, Am Oberen Marienbach, Deutschland"
ANTAX Steuerberatungsgesellschaft mbH,03411405260,info@antax.net,http://www.antax.net,"Leipzig, Salomonstraße, Deutschland"
Steuerkanzlei Deckert, 03023357585,deckert@steuerkanzlei.berlin,http://steuerkanzlei.berlin,"Berlin, Ernst-Augustin-Straße, Deutschland"
Steuerberaterin Ines Witt-Rachuba in Recklinghausen,+49 2361 580380,info@stb-witt-rachuba.de,https://www.stb-witt-rachuba.de,"Recklinghausen, Hertener Straße, Deutschland"
steen franke partner,+49 5032 98260,info@steen-partner.com,https://steen-partner.de,"Neustadt am Rübenberge, Walter-Gropius-Straße, Deutschland"
Scholz-Tax Steuerberatungsgesellschaft mbH,+49 2302 982 14 74,info@scholz-tax.de,http://www.scholz-tax.de,"Witten, Auf dem Knick, Deutschland"
WOLLNY WP GmbH | Steuerberatungs- und Wirtschaftsprüfungsgesellschaft,+49 30 2039570,info@wollnywp.de,http://www.wollnywp.de,"Berlin, Bismarckstraße, Deutschland"
G S M Treuhand Steuerberatungsgesellschaft mbH,+49 30 32677170,post@gsm-treuhand.de,https://www.gsm-treuhand.de/,"Berlin, Grünauer Straße, Deutschland"
Radinger GmbH Wirtschaftsprüfungsgesellschaft Steuerberatungsgesellschaft | Wirtschaftsprüfung & Steuerberatung,089/44443716-1,jan.radinger@radinger.com,https://www.radinger.com,"München, Landsberger Straße, Deutschland"
BMB Steuerberatungsgesellschaft mbH & Co. KG,+49 8441 871350,martin.hapfelmeier@bmb-steuern.de,,"Pfaffenhofen an der Ilm, Ledererstraße, Deutschland"
