BusinessName,NumberofReviews,ReviewRating,Phonenumber,Licensenumber,Website,Address,socialmediaLinks
NuHome Remodeling,26 Reviews,5.0,,1069117,,,
John Fuchs Construction,22,5,(831) 688-8008,444422,https://www.houzz.com/trk/aHR0cDovL3d3dy5qb2huZnVjaHNwcm9wZXJ0aWVzLmNvbQ/c46ae4a2b8a4477bfbac4082bc86be24/ue/MTAxMTc4MA/01d31366f79b4c1f40067b858973fb19,758 Rio Del Mar Blvd.CaliforniaUnited States,"['https://www.facebook.com/JohnFuchsProperties/', 'https://www.instagram.com/johnfuchsproperties/']"
Vivere Construction,3 Reviews,5.0,,839135,,,
W and W Builders Group Inc.,25,5,(408) 799-2004,1037294,https://www.houzz.com/trk/aHR0cDovL3d3dy53YW5kd2J1aWxkZXJzZ3JvdXAuY29t/7f58361d305cd878f3c992c5ac3fa67b/ue/NTI3NTM1ODI/3026574c983a51b7d192defe46c4707e,2010 El Camino RealCaliforniaUnited States,"['https://www.facebook.com/wandwbuildersgroup/?ref=bookmarks', 'www.wandwbuildersgroup.com']"
"Covarelli Construction Co., Inc.",18,5,(925) 642-2047,669831,https://www.houzz.com/trk/aHR0cHM6Ly9jb3ZhcmVsbGljb25zdHJ1Y3Rpb24uY29t/b097244309027d62d04bce0e38b18518/ue/MTI2MTM3NTU/6b23adc0952cbec6020070303fac56bf,2403 Pinehurst CourtCaliforniaUnited States,['http://www.linkedin.com/home?trk=nav_responsive_tab_home']
Top Home Builders Inc,25,5,(669) 282-0906,1066571,https://www.houzz.com/trk/aHR0cHM6Ly90b3Bob21lYnVpbGRlcnNpbmMuY29tLw/6d2135be2e8eac4179a743f8563f8774/ue/NjQ2OTY4ODY/6cbbe4d5a1c372e8f278136651715863,"5450 Thornwood Dr. Suite E,CaliforniaUnited States","['https://www.instagram.com/tophomebuildersinc/?g=5', 'https://tophomebuildersinc.com/']"
Atlas General Construction,2,5,(650) 440-3355,1059664,https://www.houzz.com/trk/aHR0cHM6Ly93d3cuYXRsYXNnZW5lcmFsY29uc3RydWN0aW9uLm5ldA/3d8e30505b13735625ca09d4af06dbb1/ue/NjIxMDY3Mjk/5d20c205882d677dbcea274e12de87b3,"37390 Cedar Blvd., Suite BCaliforniaUnited States","['https://www.facebook.com/Atlasbuildersbayarea', 'https://www.instagram.com/atlas.construction.company/']"
Nailed It Builders,17 Reviews,5.0,,1089504,,,
Cal Green Remodeling,27,5,(408) 708-1775,1059623,https://www.houzz.com/trk/aHR0cDovL3d3dy5jYWxncmVlbnJlbW9kZWxpbmcuY29t/e546d694d3e2a3fc1544be7c8e80193e/ue/NzE2NzQ4MDM/153d2d39ed8a04cea15a2d8d3ccba9ea,"1400 Coleman Ave, Unit F14-21400CaliforniaUnited States","['https://www.facebook.com/profile.php?id=100083195807361', 'https://twitter.com/CalRemodel52637', 'http://calgreenremodeling.com/']"
Sigura Construction,78 Reviews,4.9,,865155,,,
LeCut Construction,7 Reviews,5.0,,1080990,,,
D.R. Domenichini Construction,50,5,(408) 877-6738,838530,https://www.houzz.com/trk/aHR0cDovL3d3dy5kcmRjb24uY29t/8b508e888a518281aaf1fabda547948f/ue/MzE1Mjk1NA/62850f9ebb76a80b17e8c2c44361fed7,17165 Depot St.CaliforniaUnited States,"['https://www.facebook.com/drdomenichiniconstruction', 'www.linkedin.com/in/david-domenichini-a9baa03', 'http://www.yelp.com/biz/d-r-domenichini-construction-morgan-hill']"
Clever Design & Remodeling,58 Reviews,5.0,,1064699,,,
Wise Builders Remodeling,56,4.9,(408) 650-2432,1009320,https://www.houzz.com/trk/aHR0cHM6Ly93d3cud2lzZWJ1aWxkZXJzLm9yZw/774de950ee512710dc21c4e331302ac3/ue/Mjk5MzQwMjk/fc06d8a712be2cbae351c93d89a9a15e,2355 Paragon DrCaliforniaUnited States,"['wisebuildersca', 'wisebuildersca', 'www.wisebuilders.org']"
"North Bay Construction, LLC",53,5,(415) 341-5199,896978,https://www.houzz.com/trk/aHR0cDovL3Nmbm9ydGhiYXljb25zdHJ1Y3Rpb24uY29tLw/e638d24ae9b0a327e57f2d90a3c9ea8d/ue/NjIzMzY5MQ/4d6a8d832f87e835dc98434bddf32cee,1120 Cole StreetCaliforniaUnited States,"['https://www.facebook.com/SF-North-Bay-Construction-523324361177597', 'https://www.linkedin.com/feed/', 'http://sfnorthbayconstruction.com/']"
Snowflake Properties LLC,1 Review,5.0,,1066185,,,
"GPI Builders, Inc.",26,5,(800) 916-8343,1051573,https://www.houzz.com/trk/aHR0cDovL3d3dy5ncGlidWlsZGVycy5jb20/141aa34d6b6344580217455fa2750813/ue/NDk2MjE3MDk/86667997a6b232efaeebb6fe6560ec3c,262 East Hamilton AvenueCaliforniaUnited States,['https://www.instagram.com/gpibuilders/']
LY Green Construction Inc.,14 Reviews,5.0,,1056878,,,
Century Bay Builders Inc.,94 Reviews,5.0,,1065841,,,
"Via Builders, Inc.",30,4.8,(650) 948-1077,717805,https://www.houzz.com/trk/aHR0cDovL3d3dy52aWFidWlsZGVyc2luYy5jb20/3df23e21458330c6969333dc7cdcb289/ue/MzY4MDg1Nw/767481e724bba6a4e24c51fc274f6909,885 N. San Antonio RdCaliforniaUnited States,['http://www.viabuildersinc.com/']
HomeTech Construction & Design,76,5,(408) 542-0833,1022664,https://www.houzz.com/trk/aHR0cHM6Ly9ob21ldGVjaGRlc2lnbnN0dWRpby5jb20/7579dbd2f641921dc73c7c0e1e816627/ue/NDI1MDE5NDQ/ed740abdf2d7d2a33a9ac3aeafc3a4e8,228 Hamilton AveCaliforniaUnited States,"['https://www.facebook.com/hometechconstruction/', 'https://twitter.com/hometechc', 'https://www.instagram.com/hometech_construction_design/']"
Kyvos Construction,88 Reviews,4.9,,1030719,,,
Lemon Remodeling & Services,50 Reviews,5.0,,1034049,,,
Argos Construction,106,5,(415) 926-1299,918864,https://www.houzz.com/trk/aHR0cDovL2FyZ29zY29uc3RydWN0aW9uc2YuY29t/97231468148b1c096914a51014ce1974/ue/MTcxMDg1Nzc/7211477e404df2966d35fc9d7f156ba9,191 Beacon StreetCaliforniaUnited States,"['https://www.facebook.com/ArgosConstruction1/', 'https://twitter.com/victorar24/media', 'http://www.argosconstructionsf.com/']"
Mr. & Mrs. Construction & Remodeling,127,5,(800) 587-1823,1068849,https://www.houzz.com/trk/aHR0cDovL3d3dy5NcmFuZG1yc2Nuci5jb20/41e0a56d6fd1d3817104dec7eecd7210/ue/NjMwMjUyMjk/0a64fb76c3bd87891b3219a5902ad2b6,1500 Wyatt DriveCaliforniaUnited States,"['https://www.facebook.com/mrandmrscnr', 'https://mrandmrscnr.com/']"
"DMD General Construction, Inc.",33 Reviews,5.0,,952155,,,
Future Vision Remodeling,91,4.8,(888) 811-6010,991840,https://www.houzz.com/trk/aHR0cDovL2Z1dHVyZXZpc2lvbnJlbW9kZWxpbmcuY29tLw/14b32ba74ba5ffa0a814b37e3e78c069/ue/MzE2MDQ0ODc/815e7c17901e7b6888eeec01f2695c34,495 East Brokaw RoadCaliforniaUnited States,"['https://www.facebook.com/FutureVisionRemodeling/', 'https://twitter.com/FV_Remodeling', 'https://www.linkedin.com/company/future-vision-remodeling/', 'http://futurevisionremodeling.com/']"
Construction by Meyer,7,5,(510) 316-4153,323091,https://www.houzz.com/trk/aHR0cHM6Ly9jb25zdHJ1Y3Rpb25ieW1leWVyLmNvbQ/d7b4a362469b1cd555c32fe13bf8334b/ue/NjMwNjgwNA/67ca752de564b38e2c016edf423845c4,1350 Pear AveCaliforniaUnited States,"['https://www.facebook.com/constructionbymeyer/', 'www.constructionbymeyer.com']"
Inspired Builders,29 Reviews,5.0,,1088894,,,
EDR Design Build,26,5,(650) 888-2107,1062452,https://www.houzz.com/trk/aHR0cHM6Ly9hZGRpdGlvbi5lZHJlbW9kZWwuY29tLw/55831b24d36233c4454a65605a703fc8/ue/NjA4Nzc3NzU/fd90acec49e7e75583a2bc930874748f,16185 Los gatos blvd Suite 205CaliforniaUnited States,"['https://www.facebook.com/Eddie-Design-Remodeling-106902007695336/?view_public_for=106902007695336', 'http://www.edremodel.com']"
Norwell Design Build,14,5,(650) 323-1142,840498,https://www.houzz.com/trk/aHR0cDovL3d3dy5ub3J3ZWxsLmNvbQ/47405024b68f3c5615d68eb30f81c126/ue/MjcxODc1/e87996d23d2607208444c0486c4a4ff5,CaliforniaUnited States,['https://www.facebook.com/norwelldesignbuild/home?ref=page_internal']
Greenberg Construction,103,5,(650) 600-9536,996834,https://www.houzz.com/trk/aHR0cHM6Ly93d3cuZ3JlZW5iZXJnLmNvbnN0cnVjdGlvbi8/772358fe01e980542a7f691c27b062b5/ue/MTc4MDA2NDY/03ec02f43a2b5ac37e6e8f4fecb4829a,904 Industrial AveCaliforniaUnited States,"['https://www.facebook.com/greenbergconstruction/', 'https://twitter.com/GBDC_Contractor', 'https://www.linkedin.com/company/greenberg-development-and-construction-inc', 'https://www.greenberg.construction/']"
DevArt8 Construction,22,5,(669) 293-1126,1101484,https://www.houzz.com/trk/aHR0cHM6Ly93d3cuZGV2YXJ0OC5jb20/8c8b228198c12ba4a48ca41e8f2bd04e/ue/NzQ2NDQzNjI/ed4758f3bdc2e64313fda2e40e0a21bb,1828 S Milpitas Blvd #506CaliforniaUnited States,"['https://www.facebook.com/devart8/', 'https://www.devart8.com/']"
Seacliff Construction & Design,27,5,(831) 761-0456,819457,https://www.houzz.com/trk/aHR0cDovL3NlYWNsaWZmY29uc3QuY29tLw/10d1252b0b214122850861b561382d8b/ue/ODkxNzgxNA/af470a94ae8b3ad33d16927f6f952a5a,PO Box 1793 Aptos CA 95001CaliforniaUnited States,"['https://www.facebook.com/pages/Seacliff-Construction-Design/185430094810077', 'https://www.linkedin.com/company/seacliff-construction-&-design', 'http://seacliffconst.com/']"
"Green Planet Remodeling, Inc.",99,5,(800) 387-5917,982129,https://www.houzz.com/trk/aHR0cDovL2dyZWVucGxhbmV0cmVtb2RlbGluZy5jb20/13602bdbe72781f79a3f9179df62dc35/ue/NDMwNTg4MzE/67c934b482d4f8faa8e0488c0622bd88,"111 N Market St, Suite 300, San Jose, CA 95113 andCaliforniaUnited States","['https://www.facebook.com/Green-Planet-Remodeling-Inc-1870870766283906', 'https://twitter.com/GPRenovation1', 'http://greenplanetremodeling.com/']"
Build UR Dream Builders Inc.,83 Reviews,5.0,,1066990,,,
